,lat,lon
0,41.5777,-70.74611
1,41.5777,-70.74611
2,41.5777,-70.74611
3,41.5777,-70.74611
4,41.5777,-70.74611
5,41.5777,-70.74611
6,41.5777,-70.74611
7,41.5777,-70.74611
8,41.5777,-70.74611
9,41.5777,-70.74611
10,41.5777,-70.74611
11,41.5777,-70.74611
12,41.5777,-70.74611
13,41.5777,-70.74611
14,41.5777,-70.74611
15,41.5777,-70.74611
16,41.5777,-70.74611
17,41.5777,-70.74611
18,41.5777,-70.74611
19,41.5777,-70.74611
20,41.5777,-70.74611
21,41.5777,-70.74611
22,41.5777,-70.74611
23,41.5777,-70.74611
24,41.5777,-70.74611
25,41.5777,-70.74611
26,41.5777,-70.74611
27,41.5777,-70.74611
28,41.5777,-70.74611
29,41.5777,-70.74611
30,41.5777,-70.74611
31,41.5777,-70.74611
32,41.5777,-70.74611
33,41.5777,-70.74611
34,41.5777,-70.74611
35,41.5777,-70.74611
36,41.5777,-70.74611
37,41.5777,-70.74611
38,41.5777,-70.74611
39,41.5777,-70.74611
40,41.5777,-70.74611
41,41.5777,-70.74611
42,41.5777,-70.74611
43,41.5777,-70.74611
44,41.5777,-70.74611
45,41.5777,-70.74611
46,41.5777,-70.74611
47,41.5777,-70.74611
48,41.5777,-70.74611
49,41.5777,-70.74611
50,41.5777,-70.74611
51,41.5777,-70.74611
52,41.5777,-70.74611
53,41.5777,-70.74611
54,41.5777,-70.74611
55,41.5777,-70.74611
56,41.5777,-70.74611
57,41.5777,-70.74611
58,41.5777,-70.74611
59,41.5777,-70.74611
60,41.5777,-70.74611
61,41.5777,-70.74611
62,41.5777,-70.74611
63,41.5777,-70.74611
64,41.5777,-70.74611
65,41.5777,-70.74611
66,41.5777,-70.74611
67,41.5777,-70.74611
68,41.5777,-70.74611
69,41.5777,-70.74611
70,41.5777,-70.74611
71,41.5777,-70.74611
72,41.5777,-70.74611
73,41.5777,-70.74611
74,41.5777,-70.74611
75,41.5777,-70.74611
76,41.5777,-70.74611
77,41.5777,-70.74611
78,41.5777,-70.74611
79,41.5777,-70.74611
80,41.5777,-70.74611
81,41.5777,-70.74611
82,41.5777,-70.74611
83,41.5777,-70.74611
84,41.5777,-70.74611
85,41.5777,-70.74611
86,41.5777,-70.74611
87,41.5777,-70.74611
88,41.5777,-70.74611
89,41.5777,-70.74611
90,41.5777,-70.74611
91,41.5777,-70.74611
92,41.5777,-70.74611
93,41.5777,-70.74611
94,41.5777,-70.74611
95,41.5777,-70.74611
96,41.5777,-70.74611
97,41.5777,-70.74611
98,41.5777,-70.74611
99,41.5777,-70.74611
100,41.5777,-70.74611
101,41.5777,-70.74611
102,41.5777,-70.74611
103,41.5777,-70.74611
104,41.5777,-70.74611
105,41.5777,-70.74611
106,41.5777,-70.74611
107,41.5777,-70.74611
108,41.5777,-70.74611
109,41.5777,-70.74611
110,41.5777,-70.74611
111,41.5777,-70.74611
112,41.5777,-70.74611
113,41.5777,-70.74611
114,41.5777,-70.74611
115,41.5777,-70.74611
116,41.5777,-70.74611
117,41.5777,-70.74611
118,41.5777,-70.74611
119,41.5777,-70.74611
120,41.5777,-70.74611
121,41.5777,-70.74611
122,41.5777,-70.74611
123,41.5777,-70.74611
124,41.5777,-70.74611
125,41.5777,-70.74611
126,41.5777,-70.74611
127,41.5777,-70.74611
128,41.5777,-70.74611
129,41.5777,-70.74611
130,41.5777,-70.74611
131,41.5777,-70.74611
132,41.5777,-70.74611
133,41.5777,-70.74611
134,41.5777,-70.74611
135,41.5777,-70.74611
136,41.5777,-70.74611
137,41.5777,-70.74611
138,41.5777,-70.74611
139,41.5777,-70.74611
140,41.5777,-70.74611
141,41.5777,-70.74611
142,41.5777,-70.74611
143,41.5777,-70.74611
144,41.5777,-70.74611
145,41.5777,-70.74611
146,41.5777,-70.74611
147,41.5777,-70.74611
148,41.5777,-70.74611
149,41.5777,-70.74611
150,41.5777,-70.74611
151,41.5777,-70.74611
152,41.5777,-70.74611
153,41.5777,-70.74611
154,41.5777,-70.74611
155,41.5777,-70.74611
156,41.5777,-70.74611
157,41.5777,-70.74611
158,41.5777,-70.74611
159,41.5777,-70.74611
160,41.5777,-70.74611
161,41.5777,-70.74611
162,41.5777,-70.74611
163,41.5777,-70.74611
164,41.5777,-70.74611
165,41.5777,-70.74611
166,41.5777,-70.74611
167,41.5777,-70.74611
168,41.5777,-70.74611
169,41.5777,-70.74611
170,41.5777,-70.74611
171,41.5777,-70.74611
172,41.5777,-70.74611
173,41.5777,-70.74611
174,41.5777,-70.74611
175,41.5777,-70.74611
176,41.5777,-70.74611
177,41.5777,-70.74611
178,41.5777,-70.74611
179,41.5777,-70.74611
180,41.5777,-70.74611
181,41.5777,-70.74611
182,41.5777,-70.74611
183,41.5777,-70.74611
184,41.5777,-70.74611
185,41.5777,-70.74611
186,41.5777,-70.74611
187,41.5777,-70.74611
188,41.5777,-70.74611
189,41.5777,-70.74611
190,41.5777,-70.74611
191,41.5777,-70.74611
192,41.5777,-70.74611
193,41.5777,-70.74611
194,41.5777,-70.74611
195,41.5777,-70.74611
196,41.5777,-70.74611
197,41.5777,-70.74611
198,41.5777,-70.74611
199,41.5777,-70.74611
200,41.5777,-70.74611
201,41.5777,-70.74611
202,41.5777,-70.74611
203,41.5777,-70.74611
204,41.5777,-70.74611
205,41.5777,-70.74611
206,41.5777,-70.74611
207,41.5777,-70.74611
208,41.5777,-70.74611
209,41.5777,-70.74611
210,41.5777,-70.74611
211,41.5777,-70.74611
212,41.5777,-70.74611
213,41.5777,-70.74611
214,41.5777,-70.74611
215,41.5777,-70.74611
216,41.5777,-70.74611
217,41.5777,-70.74611
218,41.5777,-70.74611
219,41.5777,-70.74611
220,41.5777,-70.74611
221,41.5777,-70.74611
222,41.5777,-70.74611
223,41.5777,-70.74611
224,41.5777,-70.74611
225,41.5777,-70.74611
226,41.5777,-70.74611
227,41.5777,-70.74611
228,41.5777,-70.74611
229,41.5777,-70.74611
230,41.5777,-70.74611
231,41.5777,-70.74611
232,41.5777,-70.74611
233,41.5777,-70.74611
234,41.5777,-70.74611
235,41.5777,-70.74611
236,41.5777,-70.74611
237,41.5777,-70.74611
238,41.5777,-70.74611
239,41.5777,-70.74611
240,41.5777,-70.74611
241,41.5777,-70.74611
242,41.5777,-70.74611
243,41.5777,-70.74611
244,41.5777,-70.74611
245,41.5777,-70.74611
246,41.5777,-70.74611
247,41.5777,-70.74611
248,41.5777,-70.74611
249,41.5777,-70.74611
250,41.5777,-70.74611
251,41.5777,-70.74611
252,41.5777,-70.74611
253,41.5777,-70.74611
254,41.5777,-70.74611
255,41.5777,-70.74611
256,41.5777,-70.74611
257,41.5777,-70.74611
258,41.5777,-70.74611
259,41.5777,-70.74611
260,41.5777,-70.74611
261,41.5777,-70.74611
262,41.5777,-70.74611
263,41.5777,-70.74611
264,41.5777,-70.74611
265,41.5777,-70.74611
266,41.5777,-70.74611
267,41.5777,-70.74611
268,41.5777,-70.74611
269,41.5777,-70.74611
270,41.5777,-70.74611
271,41.5777,-70.74611
272,41.5777,-70.74611
273,41.5777,-70.74611
274,41.5777,-70.74611
275,41.5777,-70.74611
276,41.5777,-70.74611
277,41.5777,-70.74611
278,41.5777,-70.74611
279,41.5777,-70.74611
280,41.5777,-70.74611
281,41.5777,-70.74611
282,41.5777,-70.74611
283,41.5777,-70.74611
284,41.5777,-70.74611
285,41.5777,-70.74611
286,41.5777,-70.74611
287,41.5777,-70.74611
288,41.5777,-70.74611
289,41.5777,-70.74611
290,41.5777,-70.74611
291,41.5777,-70.74611
292,41.5777,-70.74611
293,41.5777,-70.74611
294,41.5777,-70.74611
295,41.5777,-70.74611
296,41.5777,-70.74611
297,41.5777,-70.74611
298,41.5777,-70.74611
299,41.5777,-70.74611
300,41.5777,-70.74611
301,41.5777,-70.74611
302,41.5777,-70.74611
303,41.5777,-70.74611
304,41.5777,-70.74611
305,41.5777,-70.74611
306,41.5777,-70.74611
307,41.5777,-70.74611
308,41.5777,-70.74611
309,41.5777,-70.74611
310,41.5777,-70.74611
311,41.5777,-70.74611
312,41.5777,-70.74611
313,41.5777,-70.74611
314,41.5777,-70.74611
315,41.5777,-70.74611
316,41.5777,-70.74611
317,41.5777,-70.74611
318,41.5777,-70.74611
319,41.5777,-70.74611
320,41.5777,-70.74611
321,41.5777,-70.74611
322,41.5777,-70.74611
323,41.5777,-70.74611
324,41.5777,-70.74611
325,41.5777,-70.74611
326,41.5777,-70.74611
327,41.5777,-70.74611
328,41.5777,-70.74611
329,41.5777,-70.74611
330,41.5777,-70.74611
331,41.5777,-70.74611
332,41.5777,-70.74611
333,41.5777,-70.74611
334,41.5777,-70.74611
335,41.5777,-70.74611
336,41.5777,-70.74611
337,41.5777,-70.74611
338,41.5777,-70.74611
339,41.5777,-70.74611
340,41.5777,-70.74611
341,41.5777,-70.74611
342,41.5777,-70.74611
343,41.5777,-70.74611
344,41.5777,-70.74611
345,41.5777,-70.74611
346,41.5777,-70.74611
347,41.5777,-70.74611
348,41.5777,-70.74611
349,41.5777,-70.74611
350,41.5777,-70.74611
351,41.5777,-70.74611
352,41.5777,-70.74611
353,41.5777,-70.74611
354,41.5777,-70.74611
355,41.5777,-70.74611
356,41.5777,-70.74611
357,41.5777,-70.74611
358,41.5777,-70.74611
359,41.5777,-70.74611
360,41.5777,-70.74611
361,41.5777,-70.74611
362,41.5777,-70.74611
363,41.5777,-70.74611
364,41.5777,-70.74611
365,41.5777,-70.74611
366,41.5777,-70.74611
367,41.5777,-70.74611
368,41.5777,-70.74611
369,41.5777,-70.74611
370,41.5777,-70.74611
371,41.5777,-70.74611
372,41.5777,-70.74611
373,41.5777,-70.74611
374,41.5777,-70.74611
375,41.5777,-70.74611
376,41.5777,-70.74611
377,41.5777,-70.74611
378,41.5777,-70.74611
379,41.5777,-70.74611
380,41.5777,-70.74611
381,41.5777,-70.74611
382,41.5777,-70.74611
383,41.5777,-70.74611
384,41.5777,-70.74611
385,41.5777,-70.74611
386,41.5777,-70.74611
387,41.5777,-70.74611
388,41.5777,-70.74611
389,41.5777,-70.74611
390,41.5777,-70.74611
391,41.5777,-70.74611
392,41.5777,-70.74611
393,41.5777,-70.74611
394,41.5777,-70.74611
395,41.5777,-70.74611
396,41.5777,-70.74611
397,41.5777,-70.74611
398,41.5777,-70.74611
399,41.5777,-70.74611
400,41.5777,-70.74611
401,41.5777,-70.74611
402,41.5777,-70.74611
403,41.5777,-70.74611
404,41.5777,-70.74611
405,41.5777,-70.74611
406,41.5777,-70.74611
407,41.5777,-70.74611
408,41.5777,-70.74611
409,41.5777,-70.74611
410,41.5777,-70.74611
411,41.5777,-70.74611
412,41.5777,-70.74611
413,41.5777,-70.74611
414,41.5777,-70.74611
415,41.5777,-70.74611
416,41.5777,-70.74611
417,41.5777,-70.74611
418,41.5777,-70.74611
419,41.5777,-70.74611
420,41.5777,-70.74611
421,41.5777,-70.74611
422,41.5777,-70.74611
423,41.5777,-70.74611
424,41.5777,-70.74611
425,41.5777,-70.74611
426,41.5777,-70.74611
427,41.5777,-70.74611
428,41.5777,-70.74611
429,41.5777,-70.74611
430,41.5777,-70.74611
431,41.5777,-70.74611
432,41.5777,-70.74611
433,41.5777,-70.74611
434,41.5777,-70.74611
435,41.5777,-70.74611
436,41.5777,-70.74611
437,41.5777,-70.74611
438,41.5777,-70.74611
439,41.5777,-70.74611
440,41.5777,-70.74611
441,41.5777,-70.74611
442,41.5777,-70.74611
443,41.5777,-70.74611
444,41.5777,-70.74611
445,41.5777,-70.74611
446,41.5777,-70.74611
447,41.5777,-70.74611
448,41.5777,-70.74611
449,41.5777,-70.74611
450,41.5777,-70.74611
451,41.5777,-70.74611
452,41.5777,-70.74611
453,41.5777,-70.74611
454,41.5777,-70.74611
455,41.5777,-70.74611
456,41.5777,-70.74611
457,41.5777,-70.74611
458,41.5777,-70.74611
459,41.5777,-70.74611
460,41.5777,-70.74611
461,41.5777,-70.74611
462,41.5777,-70.74611
463,41.5777,-70.74611
464,41.5777,-70.74611
465,41.5777,-70.74611
466,41.5777,-70.74611
467,41.5777,-70.74611
468,41.5777,-70.74611
469,41.5777,-70.74611
470,41.5777,-70.74611
471,41.5777,-70.74611
472,41.5777,-70.74611
473,41.5777,-70.74611
474,41.5777,-70.74611
475,41.5777,-70.74611
476,41.5777,-70.74611
477,41.5777,-70.74611
478,41.5777,-70.74611
479,41.5777,-70.74611
480,41.5777,-70.74611
481,41.5777,-70.74611
482,41.5777,-70.74611
483,41.5777,-70.74611
484,41.5777,-70.74611
485,41.5777,-70.74611
486,41.5777,-70.74611
487,41.5777,-70.74611
488,41.5777,-70.74611
489,41.5777,-70.74611
490,41.5777,-70.74611
491,41.5777,-70.74611
492,41.5777,-70.74611
493,41.5777,-70.74611
494,41.5777,-70.74611
495,41.5777,-70.74611
496,41.5777,-70.74611
497,41.5777,-70.74611
498,41.5777,-70.74611
499,41.5777,-70.74611
500,41.5777,-70.74611
501,41.5777,-70.74611
502,41.5777,-70.74611
503,41.5777,-70.74611
504,41.5777,-70.74611
505,41.5777,-70.74611
506,41.5777,-70.74611
507,41.5777,-70.74611
508,41.5777,-70.74611
509,41.5777,-70.74611
510,41.5777,-70.74611
511,41.5777,-70.74611
512,41.5777,-70.74611
513,41.5777,-70.74611
514,41.5777,-70.74611
515,41.5777,-70.74611
516,41.5777,-70.74611
517,41.5777,-70.74611
518,41.5777,-70.74611
519,41.5777,-70.74611
520,41.5777,-70.74611
521,41.5777,-70.74611
522,41.5777,-70.74611
523,41.5777,-70.74611
524,41.5777,-70.74611
525,41.5777,-70.74611
526,41.5777,-70.74611
527,41.5777,-70.74611
528,41.5777,-70.74611
529,41.5777,-70.74611
530,41.5777,-70.74611
531,41.5777,-70.74611
532,41.5777,-70.74611
533,41.5777,-70.74611
534,41.5777,-70.74611
535,41.5777,-70.74611
536,41.5777,-70.74611
537,41.5777,-70.74611
538,41.5777,-70.74611
539,41.5777,-70.74611
540,41.5777,-70.74611
541,41.5777,-70.74611
542,41.5777,-70.74611
543,41.5777,-70.74611
544,41.5777,-70.74611
545,41.5777,-70.74611
546,41.5777,-70.74611
547,41.5777,-70.74611
548,41.5777,-70.74611
549,41.5777,-70.74611
550,41.5777,-70.74611
551,41.5777,-70.74611
552,41.5777,-70.74611
553,41.5777,-70.74611
554,41.5777,-70.74611
555,41.5777,-70.74611
556,41.5777,-70.74611
557,41.5777,-70.74611
558,41.5777,-70.74611
559,41.5777,-70.74611
560,41.5777,-70.74611
561,41.5777,-70.74611
562,41.5777,-70.74611
563,41.5777,-70.74611
564,41.5777,-70.74611
565,41.5777,-70.74611
566,41.5777,-70.74611
567,41.5777,-70.74611
568,41.5777,-70.74611
569,41.5777,-70.74611
570,41.5777,-70.74611
571,41.5777,-70.74611
572,41.5777,-70.74611
573,41.5777,-70.74611
574,41.5777,-70.74611
575,41.5777,-70.74611
576,41.5777,-70.74611
577,41.5777,-70.74611
578,41.5777,-70.74611
579,41.5777,-70.74611
580,41.5777,-70.74611
581,41.5777,-70.74611
582,41.5777,-70.74611
583,41.5777,-70.74611
584,41.5777,-70.74611
585,41.5777,-70.74611
586,41.5777,-70.74611
587,41.5777,-70.74611
588,41.5777,-70.74611
589,41.5777,-70.74611
590,41.5777,-70.74611
591,41.5777,-70.74611
592,41.5777,-70.74611
593,41.5777,-70.74611
594,41.5777,-70.74611
595,41.5777,-70.74611
596,41.5777,-70.74611
597,41.5777,-70.74611
598,41.5777,-70.74611
599,41.5777,-70.74611
600,41.5777,-70.74611
601,41.5777,-70.74611
602,41.5777,-70.74611
603,41.5777,-70.74611
604,41.5777,-70.74611
605,41.5777,-70.74611
606,41.5777,-70.74611
607,41.5777,-70.74611
608,41.5777,-70.74611
609,41.5777,-70.74611
610,41.5777,-70.74611
611,41.5777,-70.74611
612,41.5777,-70.74611
613,41.5777,-70.74611
614,41.5777,-70.74611
615,41.5777,-70.74611
616,41.5777,-70.74611
617,41.5777,-70.74611
618,41.5777,-70.74611
619,41.5777,-70.74611
620,41.5777,-70.74611
621,41.5777,-70.74611
622,41.5777,-70.74611
623,41.5777,-70.74611
624,41.5777,-70.74611
625,41.5777,-70.74611
626,41.5777,-70.74611
627,41.5777,-70.74611
628,41.5777,-70.74611
629,41.5777,-70.74611
630,41.5777,-70.74611
631,41.5777,-70.74611
632,41.5777,-70.74611
633,41.5777,-70.74611
634,41.5777,-70.74611
635,41.5777,-70.74611
636,41.5777,-70.74611
637,41.5777,-70.74611
638,41.5777,-70.74611
639,41.5777,-70.74611
640,41.5777,-70.74611
641,41.5777,-70.74611
642,41.5777,-70.74611
643,41.5777,-70.74611
644,41.5777,-70.74611
645,41.5777,-70.74611
646,41.5777,-70.74611
647,41.5777,-70.74611
648,41.5777,-70.74611
649,41.5777,-70.74611
650,41.5777,-70.74611
651,41.5777,-70.74611
652,41.5777,-70.74611
653,41.5777,-70.74611
654,41.5777,-70.74611
655,41.5777,-70.74611
656,41.5777,-70.74611
657,41.5777,-70.74611
658,41.5777,-70.74611
659,41.5777,-70.74611
660,41.5777,-70.74611
661,41.5777,-70.74611
662,41.5777,-70.74611
663,41.5777,-70.74611
664,41.5777,-70.74611
665,41.5777,-70.74611
666,41.5777,-70.74611
667,41.5777,-70.74611
668,41.5777,-70.74611
669,41.5777,-70.74611
670,41.5777,-70.74611
671,41.5777,-70.74611
672,41.5777,-70.74611
673,41.5777,-70.74611
674,41.5777,-70.74611
675,41.5777,-70.74611
676,41.5777,-70.74611
677,41.5777,-70.74611
678,41.5777,-70.74611
679,41.5777,-70.74611
680,41.5777,-70.74611
681,41.5777,-70.74611
682,41.5777,-70.74611
683,41.5777,-70.74611
684,41.5777,-70.74611
685,41.5777,-70.74611
686,41.5777,-70.74611
687,41.5777,-70.74611
688,41.5777,-70.74611
689,41.5777,-70.74611
690,41.5777,-70.74611
691,41.5777,-70.74611
692,41.5777,-70.74611
693,41.5777,-70.74611
694,41.5777,-70.74611
695,41.5777,-70.74611
696,41.5777,-70.74611
697,41.5777,-70.74611
698,41.5777,-70.74611
699,41.5777,-70.74611
700,41.5777,-70.74611
701,41.5777,-70.74611
702,41.5777,-70.74611
703,41.5777,-70.74611
704,41.5777,-70.74611
705,41.5777,-70.74611
706,41.5777,-70.74611
707,41.5777,-70.74611
708,41.5777,-70.74611
709,41.5777,-70.74611
710,41.5777,-70.74611
711,41.5777,-70.74611
712,41.5777,-70.74611
713,41.5777,-70.74611
714,41.5777,-70.74611
715,41.5777,-70.74611
716,41.5777,-70.74611
717,41.5777,-70.74611
718,41.5777,-70.74611
719,41.5777,-70.74611
720,41.5777,-70.74611
721,41.5777,-70.74611
722,41.5777,-70.74611
723,41.5777,-70.74611
724,41.5777,-70.74611
725,41.5777,-70.74611
726,41.5777,-70.74611
727,41.5777,-70.74611
728,41.5777,-70.74611
729,41.5777,-70.74611
730,41.5777,-70.74611
731,41.5777,-70.74611
732,41.5777,-70.74611
733,41.5777,-70.74611
734,41.5777,-70.74611
735,41.5777,-70.74611
736,41.5777,-70.74611
737,41.5777,-70.74611
738,41.5777,-70.74611
739,41.5777,-70.74611
740,41.5777,-70.74611
741,41.5777,-70.74611
742,41.5777,-70.74611
743,41.5777,-70.74611
744,41.5777,-70.74611
745,41.5777,-70.74611
746,41.5777,-70.74611
747,41.5777,-70.74611
748,41.5777,-70.74611
749,41.5777,-70.74611
750,41.5777,-70.74611
751,41.5777,-70.74611
752,41.5777,-70.74611
753,41.5777,-70.74611
754,41.5777,-70.74611
755,41.5777,-70.74611
756,41.5777,-70.74611
757,41.5777,-70.74611
758,41.5777,-70.74611
759,41.5777,-70.74611
760,41.5777,-70.74611
761,41.5777,-70.74611
762,41.5777,-70.74611
763,41.5777,-70.74611
764,41.5777,-70.74611
765,41.5777,-70.74611
766,41.5777,-70.74611
767,41.5777,-70.74611
768,41.5777,-70.74611
769,41.5777,-70.74611
770,41.5777,-70.74611
771,41.5777,-70.74611
772,41.5777,-70.74611
773,41.5777,-70.74611
774,41.5777,-70.74611
775,41.5777,-70.74611
776,41.5777,-70.74611
777,41.5777,-70.74611
778,41.5777,-70.74611
779,41.5777,-70.74611
780,41.5777,-70.74611
781,41.5777,-70.74611
782,41.5777,-70.74611
783,41.5777,-70.74611
784,41.5777,-70.74611
785,41.5777,-70.74611
786,41.5777,-70.74611
787,41.5777,-70.74611
788,41.5777,-70.74611
789,41.5777,-70.74611
790,41.5777,-70.74611
791,41.5777,-70.74611
792,41.5777,-70.74611
793,41.5777,-70.74611
794,41.5777,-70.74611
795,41.5777,-70.74611
796,41.5777,-70.74611
797,41.5777,-70.74611
798,41.5777,-70.74611
799,41.5777,-70.74611
800,41.5777,-70.74611
801,41.5777,-70.74611
802,41.5777,-70.74611
803,41.5777,-70.74611
804,41.5777,-70.74611
805,41.5777,-70.74611
806,41.5777,-70.74611
807,41.5777,-70.74611
808,41.5777,-70.74611
809,41.5777,-70.74611
810,41.5777,-70.74611
811,41.5777,-70.74611
812,41.5777,-70.74611
813,41.5777,-70.74611
814,41.5777,-70.74611
815,41.5777,-70.74611
816,41.5777,-70.74611
817,41.5777,-70.74611
818,41.5777,-70.74611
819,41.5777,-70.74611
820,41.5777,-70.74611
821,41.5777,-70.74611
822,41.5777,-70.74611
823,41.5777,-70.74611
824,41.5777,-70.74611
825,41.5777,-70.74611
826,41.5777,-70.74611
827,41.5777,-70.74611
828,41.5777,-70.74611
829,41.5777,-70.74611
830,41.5777,-70.74611
831,41.5777,-70.74611
832,41.5777,-70.74611
833,41.5777,-70.74611
834,41.5777,-70.74611
835,41.5777,-70.74611
836,41.5777,-70.74611
837,41.5777,-70.74611
838,41.5777,-70.74611
839,41.5777,-70.74611
840,41.5777,-70.74611
841,41.5777,-70.74611
842,41.5777,-70.74611
843,41.5777,-70.74611
844,41.5777,-70.74611
845,41.5777,-70.74611
846,41.5777,-70.74611
847,41.5777,-70.74611
848,41.5777,-70.74611
849,41.5777,-70.74611
850,41.5777,-70.74611
851,41.5777,-70.74611
852,41.5777,-70.74611
853,41.5777,-70.74611
854,41.5777,-70.74611
855,41.5777,-70.74611
856,41.5777,-70.74611
857,41.5777,-70.74611
858,41.5777,-70.74611
859,41.5777,-70.74611
860,41.5777,-70.74611
861,41.5777,-70.74611
862,41.5777,-70.74611
863,41.5777,-70.74611
864,41.5777,-70.74611
865,41.5777,-70.74611
866,41.5777,-70.74611
867,41.5777,-70.74611
868,41.5777,-70.74611
869,41.5777,-70.74611
870,41.5777,-70.74611
871,41.5777,-70.74611
872,41.5777,-70.74611
873,41.5777,-70.74611
874,41.5777,-70.74611
875,41.5777,-70.74611
876,41.5777,-70.74611
877,41.5777,-70.74611
878,41.5777,-70.74611
879,41.5777,-70.74611
880,41.5777,-70.74611
881,41.5777,-70.74611
882,41.5777,-70.74611
883,41.5777,-70.74611
884,41.5777,-70.74611
885,41.5777,-70.74611
886,41.5777,-70.74611
887,41.5777,-70.74611
888,41.5777,-70.74611
889,41.5777,-70.74611
890,41.5777,-70.74611
891,41.5777,-70.74611
892,41.5777,-70.74611
893,41.5777,-70.74611
894,41.5777,-70.74611
895,41.5777,-70.74611
896,41.5777,-70.74611
897,41.5777,-70.74611
898,41.5777,-70.74611
899,41.5777,-70.74611
900,41.5777,-70.74611
901,41.5777,-70.74611
902,41.5777,-70.74611
903,41.5777,-70.74611
904,41.5777,-70.74611
905,41.5777,-70.74611
906,41.5777,-70.74611
907,41.5777,-70.74611
908,41.5777,-70.74611
909,41.5777,-70.74611
910,41.5777,-70.74611
911,41.5777,-70.74611
912,41.5777,-70.74611
913,41.5777,-70.74611
914,41.5777,-70.74611
915,41.5777,-70.74611
916,41.5777,-70.74611
917,41.5777,-70.74611
918,41.5777,-70.74611
919,41.5777,-70.74611
920,41.5777,-70.74611
921,41.5777,-70.74611
922,41.5777,-70.74611
923,41.5777,-70.74611
924,41.5777,-70.74611
925,41.5777,-70.74611
926,41.5777,-70.74611
927,41.5777,-70.74611
928,41.5777,-70.74611
929,41.5777,-70.74611
930,41.5777,-70.74611
931,41.5777,-70.74611
932,41.5777,-70.74611
933,41.5777,-70.74611
934,41.5777,-70.74611
935,41.5777,-70.74611
936,41.5777,-70.74611
937,41.5777,-70.74611
938,41.5777,-70.74611
939,41.5777,-70.74611
940,41.5777,-70.74611
941,41.5777,-70.74611
942,41.5777,-70.74611
943,41.5777,-70.74611
944,41.5777,-70.74611
945,41.5777,-70.74611
946,41.5777,-70.74611
947,41.5777,-70.74611
948,41.5777,-70.74611
949,41.5777,-70.74611
950,41.5777,-70.74611
951,41.5777,-70.74611
952,41.5777,-70.74611
953,41.5777,-70.74611
954,41.5777,-70.74611
955,41.5777,-70.74611
956,41.5777,-70.74611
957,41.5777,-70.74611
958,41.5777,-70.74611
959,41.5777,-70.74611
960,41.5777,-70.74611
961,41.5777,-70.74611
962,41.5777,-70.74611
963,41.5777,-70.74611
964,41.5777,-70.74611
965,41.5777,-70.74611
966,41.5777,-70.74611
967,41.5777,-70.74611
968,41.5777,-70.74611
969,41.5777,-70.74611
970,41.5777,-70.74611
971,41.5777,-70.74611
972,41.5777,-70.74611
973,41.5777,-70.74611
974,41.5777,-70.74611
975,41.5777,-70.74611
976,41.5777,-70.74611
977,41.5777,-70.74611
978,41.5777,-70.74611
979,41.5777,-70.74611
980,41.5777,-70.74611
981,41.5777,-70.74611
982,41.5777,-70.74611
983,41.5777,-70.74611
984,41.5777,-70.74611
985,41.5777,-70.74611
986,41.5777,-70.74611
987,41.5777,-70.74611
988,41.5777,-70.74611
989,41.5777,-70.74611
990,41.5777,-70.74611
991,41.5777,-70.74611
992,41.5777,-70.74611
993,41.5777,-70.74611
994,41.5777,-70.74611
995,41.5777,-70.74611
996,41.5777,-70.74611
997,41.5777,-70.74611
998,41.5777,-70.74611
999,41.5777,-70.74611
1000,41.5777,-70.74611
1001,41.5777,-70.74611
1002,41.5777,-70.74611
1003,41.5777,-70.74611
1004,41.5777,-70.74611
1005,41.5777,-70.74611
1006,41.5777,-70.74611
1007,41.5777,-70.74611
1008,41.5777,-70.74611
1009,41.5777,-70.74611
1010,41.5777,-70.74611
1011,41.5777,-70.74611
1012,41.5777,-70.74611
1013,41.5777,-70.74611
1014,41.5777,-70.74611
1015,41.5777,-70.74611
1016,41.5777,-70.74611
1017,41.5777,-70.74611
1018,41.5777,-70.74611
1019,41.5777,-70.74611
1020,41.5777,-70.74611
1021,41.5777,-70.74611
1022,41.5777,-70.74611
1023,41.5777,-70.74611
1024,41.5777,-70.74611
1025,41.5777,-70.74611
1026,41.5777,-70.74611
1027,41.5777,-70.74611
1028,41.5777,-70.74611
1029,41.5777,-70.74611
1030,41.5777,-70.74611
1031,41.5777,-70.74611
1032,41.5777,-70.74611
1033,41.5777,-70.74611
1034,41.5777,-70.74611
1035,41.5777,-70.74611
1036,41.5777,-70.74611
1037,41.5777,-70.74611
1038,41.5777,-70.74611
1039,41.5777,-70.74611
1040,41.5777,-70.74611
1041,41.5777,-70.74611
1042,41.5777,-70.74611
1043,41.5777,-70.74611
1044,41.5777,-70.74611
1045,41.5777,-70.74611
1046,41.5777,-70.74611
1047,41.5777,-70.74611
1048,41.5777,-70.74611
1049,41.5777,-70.74611
1050,41.5777,-70.74611
1051,41.5777,-70.74611
1052,41.5777,-70.74611
1053,41.5777,-70.74611
1054,41.5777,-70.74611
1055,41.5777,-70.74611
1056,41.5777,-70.74611
1057,41.5777,-70.74611
1058,41.5777,-70.74611
1059,41.5777,-70.74611
1060,41.5777,-70.74611
1061,41.5777,-70.74611
1062,41.5777,-70.74611
1063,41.5777,-70.74611
1064,41.5777,-70.74611
1065,41.5777,-70.74611
1066,41.5777,-70.74611
1067,41.5777,-70.74611
1068,41.5777,-70.74611
1069,41.5777,-70.74611
1070,41.5777,-70.74611
1071,41.5777,-70.74611
1072,41.5777,-70.74611
1073,41.5777,-70.74611
1074,41.5777,-70.74611
1075,41.5777,-70.74611
1076,41.5777,-70.74611
1077,41.5777,-70.74611
1078,41.5777,-70.74611
1079,41.5777,-70.74611
1080,41.5777,-70.74611
1081,41.5777,-70.74611
1082,41.5777,-70.74611
1083,41.5777,-70.74611
1084,41.5777,-70.74611
1085,41.5777,-70.74611
1086,41.5777,-70.74611
1087,41.5777,-70.74611
1088,41.5777,-70.74611
1089,41.5777,-70.74611
1090,41.5777,-70.74611
1091,41.5777,-70.74611
1092,41.5777,-70.74611
1093,41.5777,-70.74611
1094,41.5777,-70.74611
1095,41.5777,-70.74611
1096,41.5777,-70.74611
1097,41.5777,-70.74611
1098,41.5777,-70.74611
1099,41.5777,-70.74611
1100,41.5777,-70.74611
1101,41.5777,-70.74611
1102,41.5777,-70.74611
1103,41.5777,-70.74611
1104,41.5777,-70.74611
1105,41.5777,-70.74611
1106,41.5777,-70.74611
1107,41.5777,-70.74611
1108,41.5777,-70.74611
1109,41.5777,-70.74611
1110,41.5777,-70.74611
1111,41.5777,-70.74611
1112,41.5777,-70.74611
1113,41.5777,-70.74611
1114,41.5777,-70.74611
1115,41.5777,-70.74611
1116,41.5777,-70.74611
1117,41.5777,-70.74611
1118,41.5777,-70.74611
1119,41.5777,-70.74611
1120,41.5777,-70.74611
1121,41.5777,-70.74611
1122,41.5777,-70.74611
1123,41.5777,-70.74611
1124,41.5777,-70.74611
1125,41.5777,-70.74611
1126,41.5777,-70.74611
1127,41.5777,-70.74611
1128,41.5777,-70.74611
1129,41.5777,-70.74611
1130,41.5777,-70.74611
1131,41.5777,-70.74611
1132,41.5777,-70.74611
1133,41.5777,-70.74611
1134,41.5777,-70.74611
1135,41.5777,-70.74611
1136,41.5777,-70.74611
1137,41.5777,-70.74611
1138,41.5777,-70.74611
1139,41.5777,-70.74611
1140,41.5777,-70.74611
1141,41.5777,-70.74611
1142,41.5777,-70.74611
1143,41.5777,-70.74611
1144,41.5777,-70.74611
1145,41.5777,-70.74611
1146,41.5777,-70.74611
1147,41.5777,-70.74611
1148,41.5777,-70.74611
1149,41.5777,-70.74611
1150,41.5777,-70.74611
1151,41.5777,-70.74611
1152,41.5777,-70.74611
1153,41.5777,-70.74611
1154,41.5777,-70.74611
1155,41.5777,-70.74611
1156,41.5777,-70.74611
1157,41.5777,-70.74611
1158,41.5777,-70.74611
1159,41.5777,-70.74611
1160,41.5777,-70.74611
1161,41.5777,-70.74611
1162,41.5777,-70.74611
1163,41.5777,-70.74611
1164,41.5777,-70.74611
1165,41.5777,-70.74611
1166,41.5777,-70.74611
1167,41.5777,-70.74611
1168,41.5777,-70.74611
1169,41.5777,-70.74611
1170,41.5777,-70.74611
1171,41.5777,-70.74611
1172,41.5777,-70.74611
1173,41.5777,-70.74611
1174,41.5777,-70.74611
1175,41.5777,-70.74611
1176,41.5777,-70.74611
1177,41.5777,-70.74611
1178,41.5777,-70.74611
1179,41.5777,-70.74611
1180,41.5777,-70.74611
1181,41.5777,-70.74611
1182,41.5777,-70.74611
1183,41.5777,-70.74611
1184,41.5777,-70.74611
1185,41.5777,-70.74611
1186,41.5777,-70.74611
1187,41.5777,-70.74611
1188,41.5777,-70.74611
1189,41.5777,-70.74611
1190,41.5777,-70.74611
1191,41.5777,-70.74611
1192,41.5777,-70.74611
1193,41.5777,-70.74611
1194,41.5777,-70.74611
1195,41.5777,-70.74611
1196,41.5777,-70.74611
1197,41.5777,-70.74611
1198,41.5777,-70.74611
1199,41.5777,-70.74611
1200,41.5777,-70.74611
1201,41.5777,-70.74611
1202,41.5777,-70.74611
1203,41.5777,-70.74611
1204,41.5777,-70.74611
1205,41.5777,-70.74611
1206,41.5777,-70.74611
1207,41.5777,-70.74611
1208,41.5777,-70.74611
1209,41.5777,-70.74611
1210,41.5777,-70.74611
1211,41.5777,-70.74611
1212,41.5777,-70.74611
1213,41.5777,-70.74611
1214,41.5777,-70.74611
1215,41.5777,-70.74611
1216,41.5777,-70.74611
1217,41.5777,-70.74611
1218,41.5777,-70.74611
1219,41.5777,-70.74611
1220,41.5777,-70.74611
1221,41.5777,-70.74611
1222,41.5777,-70.74611
1223,41.5777,-70.74611
1224,41.5777,-70.74611
1225,41.5777,-70.74611
1226,41.5777,-70.74611
1227,41.5777,-70.74611
1228,41.5777,-70.74611
1229,41.5777,-70.74611
1230,41.5777,-70.74611
1231,41.5777,-70.74611
1232,41.5777,-70.74611
1233,41.5777,-70.74611
1234,41.5777,-70.74611
1235,41.5777,-70.74611
1236,41.5777,-70.74611
1237,41.5777,-70.74611
1238,41.5777,-70.74611
1239,41.5777,-70.74611
1240,41.5777,-70.74611
1241,41.5777,-70.74611
1242,41.5777,-70.74611
1243,41.5777,-70.74611
1244,41.5777,-70.74611
1245,41.5777,-70.74611
1246,41.5777,-70.74611
1247,41.5777,-70.74611
1248,41.5777,-70.74611
1249,41.5777,-70.74611
1250,41.5777,-70.74611
1251,41.5777,-70.74611
1252,41.5777,-70.74611
1253,41.5777,-70.74611
1254,41.5777,-70.74611
1255,41.5777,-70.74611
1256,41.5777,-70.74611
1257,41.5777,-70.74611
1258,41.5777,-70.74611
1259,41.5777,-70.74611
1260,41.5777,-70.74611
1261,41.5777,-70.74611
1262,41.5777,-70.74611
1263,41.5777,-70.74611
1264,41.5777,-70.74611
1265,41.5777,-70.74611
1266,41.5777,-70.74611
1267,41.5777,-70.74611
1268,41.5777,-70.74611
1269,41.5777,-70.74611
1270,41.5777,-70.74611
1271,41.5777,-70.74611
1272,41.5777,-70.74611
1273,41.5777,-70.74611
1274,41.5777,-70.74611
1275,41.5777,-70.74611
1276,41.5777,-70.74611
1277,41.5777,-70.74611
1278,41.5777,-70.74611
1279,41.5777,-70.74611
1280,41.5777,-70.74611
1281,41.5777,-70.74611
1282,41.5777,-70.74611
1283,41.5777,-70.74611
1284,41.5777,-70.74611
1285,41.5777,-70.74611
1286,41.5777,-70.74611
1287,41.5777,-70.74611
1288,41.5777,-70.74611
1289,41.5777,-70.74611
1290,41.5777,-70.74611
1291,41.5777,-70.74611
1292,41.5777,-70.74611
1293,41.5777,-70.74611
1294,41.5777,-70.74611
1295,41.5777,-70.74611
1296,41.5777,-70.74611
1297,41.5777,-70.74611
1298,41.5777,-70.74611
1299,41.5777,-70.74611
1300,41.5777,-70.74611
1301,41.5777,-70.74611
1302,41.5777,-70.74611
1303,41.5777,-70.74611
1304,41.5777,-70.74611
1305,41.5777,-70.74611
1306,41.5777,-70.74611
1307,41.5777,-70.74611
1308,41.5777,-70.74611
1309,41.5777,-70.74611
1310,41.5777,-70.74611
1311,41.5777,-70.74611
1312,41.5777,-70.74611
1313,41.5777,-70.74611
1314,41.5777,-70.74611
1315,41.5777,-70.74611
1316,41.5777,-70.74611
1317,41.5777,-70.74611
1318,41.5777,-70.74611
1319,41.5777,-70.74611
1320,41.5777,-70.74611
1321,41.5777,-70.74611
1322,41.5777,-70.74611
1323,41.5777,-70.74611
1324,41.5777,-70.74611
1325,41.5777,-70.74611
1326,41.5777,-70.74611
1327,41.5777,-70.74611
1328,41.5777,-70.74611
1329,41.5777,-70.74611
1330,41.5777,-70.74611
1331,41.5777,-70.74611
1332,41.5777,-70.74611
1333,41.5777,-70.74611
1334,41.5777,-70.74611
1335,41.5777,-70.74611
1336,41.5777,-70.74611
1337,41.5777,-70.74611
1338,41.5777,-70.74611
1339,41.5777,-70.74611
1340,41.5777,-70.74611
1341,41.5777,-70.74611
1342,41.5777,-70.74611
1343,41.5777,-70.74611
1344,41.5777,-70.74611
1345,41.5777,-70.74611
1346,41.5777,-70.74611
1347,41.5777,-70.74611
1348,41.5777,-70.74611
1349,41.5777,-70.74611
1350,41.5777,-70.74611
1351,41.5777,-70.74611
1352,41.5777,-70.74611
1353,41.5777,-70.74611
1354,41.5777,-70.74611
1355,41.5777,-70.74611
1356,41.5777,-70.74611
1357,41.5777,-70.74611
1358,41.5777,-70.74611
1359,41.5777,-70.74611
1360,41.5777,-70.74611
1361,41.5777,-70.74611
1362,41.5777,-70.74611
1363,41.5777,-70.74611
1364,41.5777,-70.74611
1365,41.5777,-70.74611
1366,41.5777,-70.74611
1367,41.5777,-70.74611
1368,41.5777,-70.74611
1369,41.5777,-70.74611
1370,41.5777,-70.74611
1371,41.5777,-70.74611
1372,41.5777,-70.74611
1373,41.5777,-70.74611
1374,41.5777,-70.74611
1375,41.5777,-70.74611
1376,41.5777,-70.74611
1377,41.5777,-70.74611
1378,41.5777,-70.74611
1379,41.5777,-70.74611
1380,41.5777,-70.74611
1381,41.5777,-70.74611
1382,41.5777,-70.74611
1383,41.5777,-70.74611
1384,41.5777,-70.74611
1385,41.5777,-70.74611
1386,41.5777,-70.74611
1387,41.5777,-70.74611
1388,41.5777,-70.74611
1389,41.5777,-70.74611
1390,41.5777,-70.74611
1391,41.5777,-70.74611
1392,41.5777,-70.74611
1393,41.5777,-70.74611
1394,41.5777,-70.74611
1395,41.5777,-70.74611
1396,41.5777,-70.74611
1397,41.5777,-70.74611
1398,41.5777,-70.74611
1399,41.5777,-70.74611
1400,41.5777,-70.74611
1401,41.5777,-70.74611
1402,41.5777,-70.74611
1403,41.5777,-70.74611
1404,41.5777,-70.74611
1405,41.5777,-70.74611
1406,41.5777,-70.74611
1407,41.5777,-70.74611
1408,41.5777,-70.74611
1409,41.5777,-70.74611
1410,41.5777,-70.74611
1411,41.5777,-70.74611
1412,41.5777,-70.74611
1413,41.5777,-70.74611
1414,41.5777,-70.74611
1415,41.5777,-70.74611
1416,41.5777,-70.74611
1417,41.5777,-70.74611
1418,41.5777,-70.74611
1419,41.5777,-70.74611
1420,41.5777,-70.74611
1421,41.5777,-70.74611
1422,41.5777,-70.74611
1423,41.5777,-70.74611
1424,41.5777,-70.74611
1425,41.5777,-70.74611
1426,41.5777,-70.74611
1427,41.5777,-70.74611
1428,41.5777,-70.74611
1429,41.5777,-70.74611
1430,41.5777,-70.74611
1431,41.5777,-70.74611
1432,41.5777,-70.74611
1433,41.5777,-70.74611
1434,41.5777,-70.74611
1435,41.5777,-70.74611
1436,41.5777,-70.74611
1437,41.5777,-70.74611
1438,41.5777,-70.74611
1439,41.5777,-70.74611
1440,41.5777,-70.74611
1441,41.5777,-70.74611
1442,41.5777,-70.74611
1443,41.5777,-70.74611
1444,41.5777,-70.74611
1445,41.5777,-70.74611
1446,41.5777,-70.74611
1447,41.5777,-70.74611
1448,41.5777,-70.74611
1449,41.5777,-70.74611
1450,41.5777,-70.74611
1451,41.5777,-70.74611
1452,41.5777,-70.74611
1453,41.5777,-70.74611
1454,41.5777,-70.74611
1455,41.5777,-70.74611
1456,41.5777,-70.74611
1457,41.5777,-70.74611
1458,41.5777,-70.74611
1459,41.5777,-70.74611
1460,41.5777,-70.74611
1461,41.5777,-70.74611
1462,41.5777,-70.74611
1463,41.5777,-70.74611
1464,41.5777,-70.74611
1465,41.5777,-70.74611
1466,41.5777,-70.74611
1467,41.5777,-70.74611
1468,41.5777,-70.74611
1469,41.5777,-70.74611
1470,41.5777,-70.74611
1471,41.5777,-70.74611
1472,41.5777,-70.74611
1473,41.5777,-70.74611
1474,41.5777,-70.74611
1475,41.5777,-70.74611
1476,41.5777,-70.74611
1477,41.5777,-70.74611
1478,41.5777,-70.74611
1479,41.5777,-70.74611
1480,41.5777,-70.74611
1481,41.5777,-70.74611
1482,41.5777,-70.74611
1483,41.5777,-70.74611
1484,41.5777,-70.74611
1485,41.5777,-70.74611
1486,41.5777,-70.74611
1487,41.5777,-70.74611
1488,41.5777,-70.74611
1489,41.5777,-70.74611
1490,41.5777,-70.74611
1491,41.5777,-70.74611
1492,41.5777,-70.74611
1493,41.5777,-70.74611
1494,41.5777,-70.74611
1495,41.5777,-70.74611
1496,41.5777,-70.74611
1497,41.5777,-70.74611
1498,41.5777,-70.74611
1499,41.5777,-70.74611
1500,41.5777,-70.74611
1501,41.5777,-70.74611
1502,41.5777,-70.74611
1503,41.5777,-70.74611
1504,41.5777,-70.74611
1505,41.5777,-70.74611
1506,41.5777,-70.74611
1507,41.5777,-70.74611
1508,41.5777,-70.74611
1509,41.5777,-70.74611
1510,41.5777,-70.74611
1511,41.5777,-70.74611
1512,41.5777,-70.74611
1513,41.5777,-70.74611
1514,41.5777,-70.74611
1515,41.5777,-70.74611
1516,41.5777,-70.74611
1517,41.5777,-70.74611
1518,41.5777,-70.74611
1519,41.5777,-70.74611
1520,41.5777,-70.74611
1521,41.5777,-70.74611
1522,41.5777,-70.74611
1523,41.5777,-70.74611
1524,41.5777,-70.74611
1525,41.5777,-70.74611
1526,41.5777,-70.74611
1527,41.5777,-70.74611
1528,41.5777,-70.74611
1529,41.5777,-70.74611
1530,41.5777,-70.74611
1531,41.5777,-70.74611
1532,41.5777,-70.74611
1533,41.5777,-70.74611
1534,41.5777,-70.74611
1535,41.5777,-70.74611
1536,41.5777,-70.74611
1537,41.5777,-70.74611
1538,41.5777,-70.74611
1539,41.5777,-70.74611
1540,41.5777,-70.74611
1541,41.5777,-70.74611
1542,41.5777,-70.74611
1543,41.5777,-70.74611
1544,41.5777,-70.74611
1545,41.5777,-70.74611
1546,41.5777,-70.74611
1547,41.5777,-70.74611
1548,41.5777,-70.74611
1549,41.5777,-70.74611
1550,41.5777,-70.74611
1551,41.5777,-70.74611
1552,41.5777,-70.74611
1553,41.5777,-70.74611
1554,41.5777,-70.74611
1555,41.5777,-70.74611
1556,41.5777,-70.74611
1557,41.5777,-70.74611
1558,41.5777,-70.74611
1559,41.5777,-70.74611
1560,41.5777,-70.74611
1561,41.5777,-70.74611
1562,41.5777,-70.74611
1563,41.5777,-70.74611
1564,41.5777,-70.74611
1565,41.5777,-70.74611
1566,41.5777,-70.74611
1567,41.5777,-70.74611
1568,41.5777,-70.74611
1569,41.5777,-70.74611
1570,41.5777,-70.74611
1571,41.5777,-70.74611
1572,41.5777,-70.74611
1573,41.5777,-70.74611
1574,41.5777,-70.74611
1575,41.5777,-70.74611
1576,41.5777,-70.74611
1577,41.5777,-70.74611
1578,41.5777,-70.74611
1579,41.5777,-70.74611
1580,41.5777,-70.74611
1581,41.5777,-70.74611
1582,41.5777,-70.74611
1583,41.5777,-70.74611
1584,41.5777,-70.74611
1585,41.5777,-70.74611
1586,41.5777,-70.74611
1587,41.5777,-70.74611
1588,41.5777,-70.74611
1589,41.5777,-70.74611
1590,41.5777,-70.74611
1591,41.5777,-70.74611
1592,41.5777,-70.74611
1593,41.5777,-70.74611
1594,41.5777,-70.74611
1595,41.5777,-70.74611
1596,41.5777,-70.74611
1597,41.5777,-70.74611
1598,41.5777,-70.74611
1599,41.5777,-70.74611
1600,41.5777,-70.74611
1601,41.5777,-70.74611
1602,41.5777,-70.74611
1603,41.5777,-70.74611
1604,41.5777,-70.74611
1605,41.5777,-70.74611
1606,41.5777,-70.74611
1607,41.5777,-70.74611
1608,41.5777,-70.74611
1609,41.5777,-70.74611
1610,41.5777,-70.74611
1611,41.5777,-70.74611
1612,41.5777,-70.74611
1613,41.5777,-70.74611
1614,41.5777,-70.74611
1615,41.5777,-70.74611
1616,41.5777,-70.74611
1617,41.5777,-70.74611
1618,41.5777,-70.74611
1619,41.5777,-70.74611
1620,41.5777,-70.74611
1621,41.5777,-70.74611
1622,41.5777,-70.74611
1623,41.5777,-70.74611
1624,41.5777,-70.74611
1625,41.5777,-70.74611
1626,41.5777,-70.74611
1627,41.5777,-70.74611
1628,41.5777,-70.74611
1629,41.5777,-70.74611
1630,41.5777,-70.74611
1631,41.5777,-70.74611
1632,41.5777,-70.74611
1633,41.5777,-70.74611
1634,41.5777,-70.74611
1635,41.5777,-70.74611
1636,41.5777,-70.74611
1637,41.5777,-70.74611
1638,41.5777,-70.74611
1639,41.5777,-70.74611
1640,41.5777,-70.74611
1641,41.5777,-70.74611
1642,41.5777,-70.74611
1643,41.5777,-70.74611
1644,41.5777,-70.74611
1645,41.5777,-70.74611
1646,41.5777,-70.74611
1647,41.5777,-70.74611
1648,41.5777,-70.74611
1649,41.5777,-70.74611
1650,41.5777,-70.74611
1651,41.5777,-70.74611
1652,41.5777,-70.74611
1653,41.5777,-70.74611
1654,41.5777,-70.74611
1655,41.5777,-70.74611
1656,41.5777,-70.74611
1657,41.5777,-70.74611
1658,41.5777,-70.74611
1659,41.5777,-70.74611
1660,41.5777,-70.74611
1661,41.5777,-70.74611
1662,41.5777,-70.74611
1663,41.5777,-70.74611
1664,41.5777,-70.74611
1665,41.5777,-70.74611
1666,41.5777,-70.74611
1667,41.5777,-70.74611
1668,41.5777,-70.74611
1669,41.5777,-70.74611
1670,41.5777,-70.74611
1671,41.5777,-70.74611
1672,41.5777,-70.74611
1673,41.5777,-70.74611
1674,41.5777,-70.74611
1675,41.5777,-70.74611
1676,41.5777,-70.74611
1677,41.5777,-70.74611
1678,41.5777,-70.74611
1679,41.5777,-70.74611
1680,41.5777,-70.74611
1681,41.5777,-70.74611
1682,41.5777,-70.74611
1683,41.5777,-70.74611
1684,41.5777,-70.74611
1685,41.5777,-70.74611
1686,41.5777,-70.74611
1687,41.5777,-70.74611
1688,41.5777,-70.74611
1689,41.5777,-70.74611
1690,41.5777,-70.74611
1691,41.5777,-70.74611
1692,41.5777,-70.74611
1693,41.5777,-70.74611
1694,41.5777,-70.74611
1695,41.5777,-70.74611
1696,41.5777,-70.74611
1697,41.5777,-70.74611
1698,41.5777,-70.74611
1699,41.5777,-70.74611
1700,41.5777,-70.74611
1701,41.5777,-70.74611
1702,41.5777,-70.74611
1703,41.5777,-70.74611
1704,41.5777,-70.74611
1705,41.5777,-70.74611
1706,41.5777,-70.74611
1707,41.5777,-70.74611
1708,41.5777,-70.74611
1709,41.5777,-70.74611
1710,41.5777,-70.74611
1711,41.5777,-70.74611
1712,41.5777,-70.74611
1713,41.5777,-70.74611
1714,41.5777,-70.74611
1715,41.5777,-70.74611
1716,41.5777,-70.74611
1717,41.5777,-70.74611
1718,41.5777,-70.74611
1719,41.5777,-70.74611
1720,41.5777,-70.74611
1721,41.5777,-70.74611
1722,41.5777,-70.74611
1723,41.5777,-70.74611
1724,41.5777,-70.74611
1725,41.5777,-70.74611
1726,41.5777,-70.74611
1727,41.5777,-70.74611
1728,41.5777,-70.74611
1729,41.5777,-70.74611
1730,41.5777,-70.74611
1731,41.5777,-70.74611
1732,41.5777,-70.74611
1733,41.5777,-70.74611
1734,41.5777,-70.74611
1735,41.5777,-70.74611
1736,41.5777,-70.74611
1737,41.5777,-70.74611
1738,41.5777,-70.74611
1739,41.5777,-70.74611
1740,41.5777,-70.74611
1741,41.5777,-70.74611
1742,41.5777,-70.74611
1743,41.5777,-70.74611
1744,41.5777,-70.74611
1745,41.5777,-70.74611
1746,41.5777,-70.74611
1747,41.5777,-70.74611
1748,41.5777,-70.74611
1749,41.5777,-70.74611
1750,41.5777,-70.74611
1751,41.5777,-70.74611
1752,41.5777,-70.74611
1753,41.5777,-70.74611
1754,41.5777,-70.74611
1755,41.5777,-70.74611
1756,41.5777,-70.74611
1757,41.5777,-70.74611
1758,41.5777,-70.74611
1759,41.5777,-70.74611
1760,41.5777,-70.74611
1761,41.5777,-70.74611
1762,41.5777,-70.74611
1763,41.5777,-70.74611
1764,41.5777,-70.74611
1765,41.5777,-70.74611
1766,41.5777,-70.74611
1767,41.5777,-70.74611
1768,41.5777,-70.74611
1769,41.5777,-70.74611
1770,41.5777,-70.74611
1771,41.5777,-70.74611
1772,41.5777,-70.74611
1773,41.5777,-70.74611
1774,41.5777,-70.74611
1775,41.5777,-70.74611
1776,41.5777,-70.74611
1777,41.5777,-70.74611
1778,41.5777,-70.74611
1779,41.5777,-70.74611
1780,41.5777,-70.74611
1781,41.5777,-70.74611
1782,41.5777,-70.74611
1783,41.5777,-70.74611
1784,41.5777,-70.74611
1785,41.5777,-70.74611
1786,41.5777,-70.74611
1787,41.5777,-70.74611
1788,41.5777,-70.74611
1789,41.5777,-70.74611
1790,41.5777,-70.74611
1791,41.5777,-70.74611
1792,41.5777,-70.74611
1793,41.5777,-70.74611
1794,41.5777,-70.74611
1795,41.5777,-70.74611
1796,41.5777,-70.74611
1797,41.5777,-70.74611
1798,41.5777,-70.74611
1799,41.5777,-70.74611
1800,41.5777,-70.74611
1801,41.5777,-70.74611
1802,41.5777,-70.74611
1803,41.5777,-70.74611
1804,41.5777,-70.74611
1805,41.5777,-70.74611
1806,41.5777,-70.74611
1807,41.5777,-70.74611
1808,41.5777,-70.74611
1809,41.5777,-70.74611
1810,41.5777,-70.74611
1811,41.5777,-70.74611
1812,41.5777,-70.74611
1813,41.5777,-70.74611
1814,41.5777,-70.74611
1815,41.5777,-70.74611
1816,41.5777,-70.74611
1817,41.5777,-70.74611
1818,41.5777,-70.74611
1819,41.5777,-70.74611
1820,41.5777,-70.74611
1821,41.5777,-70.74611
1822,41.5777,-70.74611
1823,41.5777,-70.74611
1824,41.5777,-70.74611
1825,41.5777,-70.74611
1826,41.5777,-70.74611
1827,41.5777,-70.74611
1828,41.5777,-70.74611
1829,41.5777,-70.74611
1830,41.5777,-70.74611
1831,41.5777,-70.74611
1832,41.5777,-70.74611
1833,41.5777,-70.74611
1834,41.5777,-70.74611
1835,41.5777,-70.74611
1836,41.5777,-70.74611
1837,41.5777,-70.74611
1838,41.5777,-70.74611
1839,41.5777,-70.74611
1840,41.5777,-70.74611
1841,41.5777,-70.74611
1842,41.5777,-70.74611
1843,41.5777,-70.74611
1844,41.5777,-70.74611
1845,41.5777,-70.74611
1846,41.5777,-70.74611
1847,41.5777,-70.74611
1848,41.5777,-70.74611
1849,41.5777,-70.74611
1850,41.5777,-70.74611
1851,41.5777,-70.74611
1852,41.5777,-70.74611
1853,41.5777,-70.74611
1854,41.5777,-70.74611
1855,41.5777,-70.74611
1856,41.5777,-70.74611
1857,41.5777,-70.74611
1858,41.5777,-70.74611
1859,41.5777,-70.74611
1860,41.5777,-70.74611
1861,41.5777,-70.74611
1862,41.5777,-70.74611
1863,41.5777,-70.74611
1864,41.5777,-70.74611
1865,41.5777,-70.74611
1866,41.5777,-70.74611
1867,41.5777,-70.74611
1868,41.5777,-70.74611
1869,41.5777,-70.74611
1870,41.5777,-70.74611
1871,41.5777,-70.74611
1872,41.5777,-70.74611
1873,41.5777,-70.74611
1874,41.5777,-70.74611
1875,41.5777,-70.74611
1876,41.5777,-70.74611
1877,41.5777,-70.74611
1878,41.5777,-70.74611
1879,41.5777,-70.74611
1880,41.5777,-70.74611
1881,41.5777,-70.74611
1882,41.5777,-70.74611
1883,41.5777,-70.74611
1884,41.5777,-70.74611
1885,41.5777,-70.74611
1886,41.5777,-70.74611
1887,41.5777,-70.74611
1888,41.5777,-70.74611
1889,41.5777,-70.74611
1890,41.5777,-70.74611
1891,41.5777,-70.74611
1892,41.5777,-70.74611
1893,41.5777,-70.74611
1894,41.5777,-70.74611
1895,41.5777,-70.74611
1896,41.5777,-70.74611
1897,41.5777,-70.74611
1898,41.5777,-70.74611
1899,41.5777,-70.74611
1900,41.5777,-70.74611
1901,41.5777,-70.74611
1902,41.5777,-70.74611
1903,41.5777,-70.74611
1904,41.5777,-70.74611
1905,41.5777,-70.74611
1906,41.5777,-70.74611
1907,41.5777,-70.74611
1908,41.5777,-70.74611
1909,41.5777,-70.74611
1910,41.5777,-70.74611
1911,41.5777,-70.74611
1912,41.5777,-70.74611
1913,41.5777,-70.74611
1914,41.5777,-70.74611
1915,41.5777,-70.74611
1916,41.5777,-70.74611
1917,41.5777,-70.74611
1918,41.5777,-70.74611
1919,41.5777,-70.74611
1920,41.5777,-70.74611
1921,41.5777,-70.74611
1922,41.5777,-70.74611
1923,41.5777,-70.74611
1924,41.5777,-70.74611
1925,41.5777,-70.74611
1926,41.5777,-70.74611
1927,41.5777,-70.74611
1928,41.5777,-70.74611
1929,41.5777,-70.74611
1930,41.5777,-70.74611
1931,41.5777,-70.74611
1932,41.5777,-70.74611
1933,41.5777,-70.74611
1934,41.5777,-70.74611
1935,41.5777,-70.74611
1936,41.5777,-70.74611
1937,41.5777,-70.74611
1938,41.5777,-70.74611
1939,41.5777,-70.74611
1940,41.5777,-70.74611
1941,41.5777,-70.74611
1942,41.5777,-70.74611
1943,41.5777,-70.74611
1944,41.5777,-70.74611
1945,41.5777,-70.74611
1946,41.5777,-70.74611
1947,41.5777,-70.74611
1948,41.5777,-70.74611
1949,41.5777,-70.74611
1950,41.5777,-70.74611
1951,41.5777,-70.74611
1952,41.5777,-70.74611
1953,41.5777,-70.74611
1954,41.5777,-70.74611
1955,41.5777,-70.74611
1956,41.5777,-70.74611
1957,41.5777,-70.74611
1958,41.5777,-70.74611
1959,41.5777,-70.74611
1960,41.5777,-70.74611
1961,41.5777,-70.74611
1962,41.5777,-70.74611
1963,41.5777,-70.74611
1964,41.5777,-70.74611
1965,41.5777,-70.74611
1966,41.5777,-70.74611
1967,41.5777,-70.74611
1968,41.5777,-70.74611
1969,41.5777,-70.74611
1970,41.5777,-70.74611
1971,41.5777,-70.74611
1972,41.5777,-70.74611
1973,41.5777,-70.74611
1974,41.5777,-70.74611
1975,41.5777,-70.74611
1976,41.5777,-70.74611
1977,41.5777,-70.74611
1978,41.5777,-70.74611
1979,41.5777,-70.74611
1980,41.5777,-70.74611
1981,41.5777,-70.74611
1982,41.5777,-70.74611
1983,41.5777,-70.74611
1984,41.5777,-70.74611
1985,41.5777,-70.74611
1986,41.5777,-70.74611
1987,41.5777,-70.74611
1988,41.5777,-70.74611
1989,41.5777,-70.74611
1990,41.5777,-70.74611
1991,41.5777,-70.74611
1992,41.5777,-70.74611
1993,41.5777,-70.74611
1994,41.5777,-70.74611
1995,41.5777,-70.74611
1996,41.5777,-70.74611
1997,41.5777,-70.74611
1998,41.5777,-70.74611
1999,41.5777,-70.74611
2000,41.5777,-70.74611
2001,41.5777,-70.74611
2002,41.5777,-70.74611
2003,41.5777,-70.74611
2004,41.5777,-70.74611
2005,41.5777,-70.74611
2006,41.5777,-70.74611
2007,41.5777,-70.74611
2008,41.5777,-70.74611
2009,41.5777,-70.74611
2010,41.5777,-70.74611
2011,41.5777,-70.74611
2012,41.5777,-70.74611
2013,41.5777,-70.74611
2014,41.5777,-70.74611
2015,41.5777,-70.74611
2016,41.5777,-70.74611
2017,41.5777,-70.74611
2018,41.5777,-70.74611
2019,41.5777,-70.74611
2020,41.5777,-70.74611
2021,41.5777,-70.74611
2022,41.5777,-70.74611
2023,41.5777,-70.74611
2024,41.5777,-70.74611
2025,41.5777,-70.74611
2026,41.5777,-70.74611
2027,41.5777,-70.74611
2028,41.5777,-70.74611
2029,41.5777,-70.74611
2030,41.5777,-70.74611
2031,41.5777,-70.74611
2032,41.5777,-70.74611
2033,41.5777,-70.74611
2034,41.5777,-70.74611
2035,41.5777,-70.74611
2036,41.5777,-70.74611
2037,41.5777,-70.74611
2038,41.5777,-70.74611
2039,41.5777,-70.74611
2040,41.5777,-70.74611
2041,41.5777,-70.74611
2042,41.5777,-70.74611
2043,41.5777,-70.74611
2044,41.5777,-70.74611
2045,41.5777,-70.74611
2046,41.5777,-70.74611
2047,41.5777,-70.74611
2048,41.5777,-70.74611
2049,41.5777,-70.74611
2050,41.5777,-70.74611
2051,41.5777,-70.74611
2052,41.5777,-70.74611
2053,41.5777,-70.74611
2054,41.5777,-70.74611
2055,41.5777,-70.74611
2056,41.5777,-70.74611
2057,41.5777,-70.74611
2058,41.5777,-70.74611
2059,41.5777,-70.74611
2060,41.5777,-70.74611
2061,41.5777,-70.74611
2062,41.5777,-70.74611
2063,41.5777,-70.74611
2064,41.5777,-70.74611
2065,41.5777,-70.74611
2066,41.5777,-70.74611
2067,41.5777,-70.74611
2068,41.5777,-70.74611
2069,41.5777,-70.74611
2070,41.5777,-70.74611
2071,41.5777,-70.74611
2072,41.5777,-70.74611
2073,41.5777,-70.74611
2074,41.5777,-70.74611
2075,41.5777,-70.74611
2076,41.5777,-70.74611
2077,41.5777,-70.74611
2078,41.5777,-70.74611
2079,41.5777,-70.74611
2080,41.5777,-70.74611
2081,41.5777,-70.74611
2082,41.5777,-70.74611
2083,41.5777,-70.74611
2084,41.5777,-70.74611
2085,41.5777,-70.74611
2086,41.5777,-70.74611
2087,41.5777,-70.74611
2088,41.5777,-70.74611
2089,41.5777,-70.74611
2090,41.5777,-70.74611
2091,41.5777,-70.74611
2092,41.5777,-70.74611
2093,41.5777,-70.74611
2094,41.5777,-70.74611
2095,41.5777,-70.74611
2096,41.5777,-70.74611
2097,41.5777,-70.74611
2098,41.5777,-70.74611
2099,41.5777,-70.74611
2100,41.5777,-70.74611
2101,41.5777,-70.74611
2102,41.5777,-70.74611
2103,41.5777,-70.74611
2104,41.5777,-70.74611
2105,41.5777,-70.74611
2106,41.5777,-70.74611
2107,41.5777,-70.74611
2108,41.5777,-70.74611
2109,41.5777,-70.74611
2110,41.5777,-70.74611
2111,41.5777,-70.74611
2112,41.5777,-70.74611
2113,41.5777,-70.74611
2114,41.5777,-70.74611
2115,41.5777,-70.74611
2116,41.5777,-70.74611
2117,41.5777,-70.74611
2118,41.5777,-70.74611
2119,41.5777,-70.74611
2120,41.5777,-70.74611
2121,41.5777,-70.74611
2122,41.5777,-70.74611
2123,41.5777,-70.74611
2124,41.5777,-70.74611
2125,41.5777,-70.74611
2126,41.5777,-70.74611
2127,41.5777,-70.74611
2128,41.5777,-70.74611
2129,41.5777,-70.74611
2130,41.5777,-70.74611
2131,41.5777,-70.74611
2132,41.5777,-70.74611
2133,41.5777,-70.74611
2134,41.5777,-70.74611
2135,41.5777,-70.74611
2136,41.5777,-70.74611
2137,41.5777,-70.74611
2138,41.5777,-70.74611
2139,41.5777,-70.74611
2140,41.5777,-70.74611
2141,41.5777,-70.74611
2142,41.5777,-70.74611
2143,41.5777,-70.74611
2144,41.5777,-70.74611
2145,41.5777,-70.74611
2146,41.5777,-70.74611
2147,41.5777,-70.74611
2148,41.5777,-70.74611
2149,41.5777,-70.74611
2150,41.5777,-70.74611
2151,41.5777,-70.74611
2152,41.5777,-70.74611
2153,41.5777,-70.74611
2154,41.5777,-70.74611
2155,41.5777,-70.74611
2156,41.5777,-70.74611
2157,41.5777,-70.74611
2158,41.5777,-70.74611
2159,41.5777,-70.74611
2160,41.5777,-70.74611
2161,41.5777,-70.74611
2162,41.5777,-70.74611
2163,41.5777,-70.74611
2164,41.5777,-70.74611
2165,41.5777,-70.74611
2166,41.5777,-70.74611
2167,41.5777,-70.74611
2168,41.5777,-70.74611
2169,41.5777,-70.74611
2170,41.5777,-70.74611
2171,41.5777,-70.74611
2172,41.5777,-70.74611
2173,41.5777,-70.74611
2174,41.5777,-70.74611
2175,41.5777,-70.74611
2176,41.5777,-70.74611
2177,41.5777,-70.74611
2178,41.5777,-70.74611
2179,41.5777,-70.74611
2180,41.5777,-70.74611
2181,41.5777,-70.74611
2182,41.5777,-70.74611
2183,41.5777,-70.74611
2184,41.5777,-70.74611
2185,41.5777,-70.74611
2186,41.5777,-70.74611
2187,41.5777,-70.74611
2188,41.5777,-70.74611
2189,41.5777,-70.74611
2190,41.5777,-70.74611
2191,41.5777,-70.74611
2192,41.5777,-70.74611
2193,41.5777,-70.74611
2194,41.5777,-70.74611
2195,41.5777,-70.74611
2196,41.5777,-70.74611
2197,41.5777,-70.74611
2198,41.5777,-70.74611
2199,41.5777,-70.74611
2200,41.5777,-70.74611
2201,41.5777,-70.74611
2202,41.5777,-70.74611
2203,41.5777,-70.74611
2204,41.5777,-70.74611
2205,41.5777,-70.74611
2206,41.5777,-70.74611
2207,41.5777,-70.74611
2208,41.5777,-70.74611
2209,41.5777,-70.74611
2210,41.5777,-70.74611
2211,41.5777,-70.74611
2212,41.5777,-70.74611
2213,41.5777,-70.74611
2214,41.5777,-70.74611
2215,41.5777,-70.74611
2216,41.5777,-70.74611
2217,41.5777,-70.74611
2218,41.5777,-70.74611
2219,41.5777,-70.74611
2220,41.5777,-70.74611
2221,41.5777,-70.74611
2222,41.5777,-70.74611
2223,41.5777,-70.74611
2224,41.5777,-70.74611
2225,41.5777,-70.74611
2226,41.5777,-70.74611
2227,41.5777,-70.74611
2228,41.5777,-70.74611
2229,41.5777,-70.74611
2230,41.5777,-70.74611
2231,41.5777,-70.74611
2232,41.5777,-70.74611
2233,41.5777,-70.74611
2234,41.5777,-70.74611
2235,41.5777,-70.74611
2236,41.5777,-70.74611
2237,41.5777,-70.74611
2238,41.5777,-70.74611
2239,41.5777,-70.74611
2240,41.5777,-70.74611
2241,41.5777,-70.74611
2242,41.5777,-70.74611
2243,41.5777,-70.74611
2244,41.5777,-70.74611
2245,41.5777,-70.74611
2246,41.5777,-70.74611
2247,41.5777,-70.74611
2248,41.5777,-70.74611
2249,41.5777,-70.74611
2250,41.5777,-70.74611
2251,41.5777,-70.74611
2252,41.5777,-70.74611
2253,41.5777,-70.74611
2254,41.5777,-70.74611
2255,41.5777,-70.74611
2256,41.5777,-70.74611
2257,41.5777,-70.74611
2258,41.5777,-70.74611
2259,41.5777,-70.74611
2260,41.5777,-70.74611
2261,41.5777,-70.74611
2262,41.5777,-70.74611
2263,41.5777,-70.74611
2264,41.5777,-70.74611
2265,41.5777,-70.74611
2266,41.5777,-70.74611
2267,41.5777,-70.74611
2268,41.5777,-70.74611
2269,41.5777,-70.74611
2270,41.5777,-70.74611
2271,41.5777,-70.74611
2272,41.5777,-70.74611
2273,41.5777,-70.74611
2274,41.5777,-70.74611
2275,41.5777,-70.74611
2276,41.5777,-70.74611
2277,41.5777,-70.74611
2278,41.5777,-70.74611
2279,41.5777,-70.74611
2280,41.5777,-70.74611
2281,41.5777,-70.74611
2282,41.5777,-70.74611
2283,41.5777,-70.74611
2284,41.5777,-70.74611
2285,41.5777,-70.74611
2286,41.5777,-70.74611
2287,41.5777,-70.74611
2288,41.5777,-70.74611
2289,41.5777,-70.74611
2290,41.5777,-70.74611
2291,41.5777,-70.74611
2292,41.5777,-70.74611
2293,41.5777,-70.74611
2294,41.5777,-70.74611
2295,41.5777,-70.74611
2296,41.5777,-70.74611
2297,41.5777,-70.74611
2298,41.5777,-70.74611
2299,41.5777,-70.74611
2300,41.5777,-70.74611
2301,41.5777,-70.74611
2302,41.5777,-70.74611
2303,41.5777,-70.74611
2304,41.5777,-70.74611
2305,41.5777,-70.74611
2306,41.5777,-70.74611
2307,41.5777,-70.74611
2308,41.5777,-70.74611
2309,41.5777,-70.74611
2310,41.5777,-70.74611
2311,41.5777,-70.74611
2312,41.5777,-70.74611
2313,41.5777,-70.74611
2314,41.5777,-70.74611
2315,41.5777,-70.74611
2316,41.5777,-70.74611
2317,41.5777,-70.74611
2318,41.5777,-70.74611
2319,41.5777,-70.74611
2320,41.5777,-70.74611
2321,41.5777,-70.74611
2322,41.5777,-70.74611
2323,41.5777,-70.74611
2324,41.5777,-70.74611
2325,41.5777,-70.74611
2326,41.5777,-70.74611
2327,41.5777,-70.74611
2328,41.5777,-70.74611
2329,41.5777,-70.74611
2330,41.5777,-70.74611
2331,41.5777,-70.74611
2332,41.5777,-70.74611
2333,41.5777,-70.74611
2334,41.5777,-70.74611
2335,41.5777,-70.74611
2336,41.5777,-70.74611
2337,41.5777,-70.74611
2338,41.5777,-70.74611
2339,41.5777,-70.74611
2340,41.5777,-70.74611
2341,41.5777,-70.74611
2342,41.5777,-70.74611
2343,41.5777,-70.74611
2344,41.5777,-70.74611
2345,41.5777,-70.74611
2346,41.5777,-70.74611
2347,41.5777,-70.74611
2348,41.5777,-70.74611
2349,41.5777,-70.74611
2350,41.5777,-70.74611
2351,41.5777,-70.74611
2352,41.5777,-70.74611
2353,41.5777,-70.74611
2354,41.5777,-70.74611
2355,41.5777,-70.74611
2356,41.5777,-70.74611
2357,41.5777,-70.74611
2358,41.5777,-70.74611
2359,41.5777,-70.74611
2360,41.5777,-70.74611
2361,41.5777,-70.74611
2362,41.5777,-70.74611
2363,41.5777,-70.74611
2364,41.5777,-70.74611
2365,41.5777,-70.74611
2366,41.5777,-70.74611
2367,41.5777,-70.74611
2368,41.5777,-70.74611
2369,41.5777,-70.74611
2370,41.5777,-70.74611
2371,41.5777,-70.74611
2372,41.5777,-70.74611
2373,41.5777,-70.74611
2374,41.5777,-70.74611
2375,41.5777,-70.74611
2376,41.5777,-70.74611
2377,41.5777,-70.74611
2378,41.5777,-70.74611
2379,41.5777,-70.74611
2380,41.5777,-70.74611
2381,41.5777,-70.74611
2382,41.5777,-70.74611
2383,41.5777,-70.74611
2384,41.5777,-70.74611
2385,41.5777,-70.74611
2386,41.5777,-70.74611
2387,41.5777,-70.74611
2388,41.5777,-70.74611
2389,41.5777,-70.74611
2390,41.5777,-70.74611
2391,41.5777,-70.74611
2392,41.5777,-70.74611
2393,41.5777,-70.74611
2394,41.5777,-70.74611
2395,41.5777,-70.74611
2396,41.5777,-70.74611
2397,41.5777,-70.74611
2398,41.5777,-70.74611
2399,41.5777,-70.74611
2400,41.5777,-70.74611
2401,41.5777,-70.74611
2402,41.5777,-70.74611
2403,41.5777,-70.74611
2404,41.5777,-70.74611
2405,41.5777,-70.74611
2406,41.5777,-70.74611
2407,41.5777,-70.74611
2408,41.5777,-70.74611
2409,41.5777,-70.74611
2410,41.5777,-70.74611
2411,41.5777,-70.74611
2412,41.5777,-70.74611
2413,41.5777,-70.74611
2414,41.5777,-70.74611
2415,41.5777,-70.74611
2416,41.5777,-70.74611
2417,41.5777,-70.74611
2418,41.5777,-70.74611
2419,41.5777,-70.74611
2420,41.5777,-70.74611
2421,41.5777,-70.74611
2422,41.5777,-70.74611
2423,41.5777,-70.74611
2424,41.5777,-70.74611
2425,41.5777,-70.74611
2426,41.5777,-70.74611
2427,41.5777,-70.74611
2428,41.5777,-70.74611
2429,41.5777,-70.74611
2430,41.5777,-70.74611
2431,41.5777,-70.74611
2432,41.5777,-70.74611
2433,41.5777,-70.74611
2434,41.5777,-70.74611
2435,41.5777,-70.74611
2436,41.5777,-70.74611
2437,41.5777,-70.74611
2438,41.5777,-70.74611
2439,41.5777,-70.74611
2440,41.5777,-70.74611
2441,41.5777,-70.74611
2442,41.5777,-70.74611
2443,41.5777,-70.74611
2444,41.5777,-70.74611
2445,41.5777,-70.74611
2446,41.5777,-70.74611
2447,41.5777,-70.74611
2448,41.5777,-70.74611
2449,41.5777,-70.74611
2450,41.5777,-70.74611
2451,41.5777,-70.74611
2452,41.5777,-70.74611
2453,41.5777,-70.74611
2454,41.5777,-70.74611
2455,41.5777,-70.74611
2456,41.5777,-70.74611
2457,41.5777,-70.74611
2458,41.5777,-70.74611
2459,41.5777,-70.74611
2460,41.5777,-70.74611
2461,41.5777,-70.74611
2462,41.5777,-70.74611
2463,41.5777,-70.74611
2464,41.5777,-70.74611
2465,41.5777,-70.74611
2466,41.5777,-70.74611
2467,41.5777,-70.74611
2468,41.5777,-70.74611
2469,41.5777,-70.74611
2470,41.5777,-70.74611
2471,41.5777,-70.74611
2472,41.5777,-70.74611
2473,41.5777,-70.74611
2474,41.5777,-70.74611
2475,41.5777,-70.74611
2476,41.5777,-70.74611
2477,41.5777,-70.74611
2478,41.5777,-70.74611
2479,41.5777,-70.74611
2480,41.5777,-70.74611
2481,41.5777,-70.74611
2482,41.5777,-70.74611
2483,41.5777,-70.74611
2484,41.5777,-70.74611
2485,41.5777,-70.74611
2486,41.5777,-70.74611
2487,41.5777,-70.74611
2488,41.5777,-70.74611
2489,41.5777,-70.74611
2490,41.5777,-70.74611
2491,41.5777,-70.74611
2492,41.5777,-70.74611
2493,41.5777,-70.74611
2494,41.5777,-70.74611
2495,41.5777,-70.74611
2496,41.5777,-70.74611
2497,41.5777,-70.74611
2498,41.5777,-70.74611
2499,41.5777,-70.74611
2500,41.5777,-70.74611
2501,41.5777,-70.74611
2502,41.5777,-70.74611
2503,41.5777,-70.74611
2504,41.5777,-70.74611
2505,41.5777,-70.74611
2506,41.5777,-70.74611
2507,41.5777,-70.74611
2508,41.5777,-70.74611
2509,41.5777,-70.74611
2510,41.5777,-70.74611
2511,41.5777,-70.74611
2512,41.5777,-70.74611
2513,41.5777,-70.74611
2514,41.5777,-70.74611
2515,41.5777,-70.74611
2516,41.5777,-70.74611
2517,41.5777,-70.74611
2518,41.5777,-70.74611
2519,41.5777,-70.74611
2520,41.5777,-70.74611
2521,41.5777,-70.74611
2522,41.5777,-70.74611
2523,41.5777,-70.74611
2524,41.5777,-70.74611
2525,41.5777,-70.74611
2526,41.5777,-70.74611
2527,41.5777,-70.74611
2528,41.5777,-70.74611
2529,41.5777,-70.74611
2530,41.5777,-70.74611
2531,41.5777,-70.74611
2532,41.5777,-70.74611
2533,41.5777,-70.74611
2534,41.5777,-70.74611
2535,41.5777,-70.74611
2536,41.5777,-70.74611
2537,41.5777,-70.74611
2538,41.5777,-70.74611
2539,41.5777,-70.74611
2540,41.5777,-70.74611
2541,41.5777,-70.74611
2542,41.5777,-70.74611
2543,41.5777,-70.74611
2544,41.5777,-70.74611
2545,41.5777,-70.74611
2546,41.5777,-70.74611
2547,41.5777,-70.74611
2548,41.5777,-70.74611
2549,41.5777,-70.74611
2550,41.5777,-70.74611
2551,41.5777,-70.74611
2552,41.5777,-70.74611
2553,41.5777,-70.74611
2554,41.5777,-70.74611
2555,41.5777,-70.74611
2556,41.5777,-70.74611
2557,41.5777,-70.74611
2558,41.5777,-70.74611
2559,41.5777,-70.74611
2560,41.5777,-70.74611
2561,41.5777,-70.74611
2562,41.5777,-70.74611
2563,41.5777,-70.74611
2564,41.5777,-70.74611
2565,41.5777,-70.74611
2566,41.5777,-70.74611
2567,41.5777,-70.74611
2568,41.5777,-70.74611
2569,41.5777,-70.74611
2570,41.5777,-70.74611
2571,41.5777,-70.74611
2572,41.5777,-70.74611
2573,41.5777,-70.74611
2574,41.5777,-70.74611
2575,41.5777,-70.74611
2576,41.5777,-70.74611
2577,41.5777,-70.74611
2578,41.5777,-70.74611
2579,41.5777,-70.74611
2580,41.5777,-70.74611
2581,41.5777,-70.74611
2582,41.5777,-70.74611
2583,41.5777,-70.74611
2584,41.5777,-70.74611
2585,41.5777,-70.74611
2586,41.5777,-70.74611
2587,41.5777,-70.74611
2588,41.5777,-70.74611
2589,41.5777,-70.74611
2590,41.5777,-70.74611
2591,41.5777,-70.74611
2592,41.5777,-70.74611
2593,41.5777,-70.74611
2594,41.5777,-70.74611
2595,41.5777,-70.74611
2596,41.5777,-70.74611
2597,41.5777,-70.74611
2598,41.5777,-70.74611
2599,41.5777,-70.74611
2600,41.5777,-70.74611
2601,41.5777,-70.74611
2602,41.5777,-70.74611
2603,41.5777,-70.74611
2604,41.5777,-70.74611
2605,41.5777,-70.74611
2606,41.5777,-70.74611
2607,41.5777,-70.74611
2608,41.5777,-70.74611
2609,41.5777,-70.74611
2610,41.5777,-70.74611
2611,41.5777,-70.74611
2612,41.5777,-70.74611
2613,41.5777,-70.74611
2614,41.5777,-70.74611
2615,41.5777,-70.74611
2616,41.5777,-70.74611
2617,41.5777,-70.74611
2618,41.5777,-70.74611
2619,41.5777,-70.74611
2620,41.5777,-70.74611
2621,41.5777,-70.74611
2622,41.5777,-70.74611
2623,41.5777,-70.74611
2624,41.5777,-70.74611
2625,41.5777,-70.74611
2626,41.5777,-70.74611
2627,41.5777,-70.74611
2628,41.5777,-70.74611
2629,41.5777,-70.74611
2630,41.5777,-70.74611
2631,41.5777,-70.74611
2632,41.5777,-70.74611
2633,41.5777,-70.74611
2634,41.5777,-70.74611
2635,41.5777,-70.74611
2636,41.5777,-70.74611
2637,41.5777,-70.74611
2638,41.5777,-70.74611
2639,41.5777,-70.74611
2640,41.5777,-70.74611
2641,41.5777,-70.74611
2642,41.5777,-70.74611
2643,41.5777,-70.74611
2644,41.5777,-70.74611
2645,41.5777,-70.74611
2646,41.5777,-70.74611
2647,41.5777,-70.74611
2648,41.5777,-70.74611
2649,41.5777,-70.74611
2650,41.5777,-70.74611
2651,41.5777,-70.74611
2652,41.5777,-70.74611
2653,41.5777,-70.74611
2654,41.5777,-70.74611
2655,41.5777,-70.74611
2656,41.5777,-70.74611
2657,41.5777,-70.74611
2658,41.5777,-70.74611
2659,41.5777,-70.74611
2660,41.5777,-70.74611
2661,41.5777,-70.74611
2662,41.5777,-70.74611
2663,41.5777,-70.74611
2664,41.5777,-70.74611
2665,41.5777,-70.74611
2666,41.5777,-70.74611
2667,41.5777,-70.74611
2668,41.5777,-70.74611
2669,41.5777,-70.74611
2670,41.5777,-70.74611
2671,41.5777,-70.74611
2672,41.5777,-70.74611
2673,41.5777,-70.74611
2674,41.5777,-70.74611
2675,41.5777,-70.74611
2676,41.5777,-70.74611
2677,41.5777,-70.74611
2678,41.5777,-70.74611
2679,41.5777,-70.74611
2680,41.5777,-70.74611
2681,41.5777,-70.74611
2682,41.5777,-70.74611
2683,41.5777,-70.74611
2684,41.5777,-70.74611
2685,41.5777,-70.74611
2686,41.5777,-70.74611
2687,41.5777,-70.74611
2688,41.5777,-70.74611
2689,41.5777,-70.74611
2690,41.5777,-70.74611
2691,41.5777,-70.74611
2692,41.5777,-70.74611
2693,41.5777,-70.74611
2694,41.5777,-70.74611
2695,41.5777,-70.74611
2696,41.5777,-70.74611
2697,41.5777,-70.74611
2698,41.5777,-70.74611
2699,41.5777,-70.74611
2700,41.5777,-70.74611
2701,41.5777,-70.74611
2702,41.5777,-70.74611
2703,41.5777,-70.74611
2704,41.5777,-70.74611
2705,41.5777,-70.74611
2706,41.5777,-70.74611
2707,41.5777,-70.74611
2708,41.5777,-70.74611
2709,41.5777,-70.74611
2710,41.5777,-70.74611
2711,41.5777,-70.74611
2712,41.5777,-70.74611
2713,41.5777,-70.74611
2714,41.5777,-70.74611
2715,41.5777,-70.74611
2716,41.5777,-70.74611
2717,41.5777,-70.74611
2718,41.5777,-70.74611
2719,41.5777,-70.74611
2720,41.5777,-70.74611
2721,41.5777,-70.74611
2722,41.5777,-70.74611
2723,41.5777,-70.74611
2724,41.5777,-70.74611
2725,41.5777,-70.74611
2726,41.5777,-70.74611
2727,41.5777,-70.74611
2728,41.5777,-70.74611
2729,41.5777,-70.74611
2730,41.5777,-70.74611
2731,41.5777,-70.74611
2732,41.5777,-70.74611
2733,41.5777,-70.74611
2734,41.5777,-70.74611
2735,41.5777,-70.74611
2736,41.5777,-70.74611
2737,41.5777,-70.74611
2738,41.5777,-70.74611
2739,41.5777,-70.74611
2740,41.5777,-70.74611
2741,41.5777,-70.74611
2742,41.5777,-70.74611
2743,41.5777,-70.74611
2744,41.5777,-70.74611
2745,41.5777,-70.74611
2746,41.5777,-70.74611
2747,41.5777,-70.74611
2748,41.5777,-70.74611
2749,41.5777,-70.74611
2750,41.5777,-70.74611
2751,41.5777,-70.74611
2752,41.5777,-70.74611
2753,41.5777,-70.74611
2754,41.5777,-70.74611
2755,41.5777,-70.74611
2756,41.5777,-70.74611
2757,41.5777,-70.74611
2758,41.5777,-70.74611
2759,41.5777,-70.74611
2760,41.5777,-70.74611
2761,41.5777,-70.74611
2762,41.5777,-70.74611
2763,41.5777,-70.74611
2764,41.5777,-70.74611
2765,41.5777,-70.74611
2766,41.5777,-70.74611
2767,41.5777,-70.74611
2768,41.5777,-70.74611
2769,41.5777,-70.74611
2770,41.5777,-70.74611
2771,41.5777,-70.74611
2772,41.5777,-70.74611
2773,41.5777,-70.74611
2774,41.5777,-70.74611
2775,41.5777,-70.74611
2776,41.5777,-70.74611
2777,41.5777,-70.74611
2778,41.5777,-70.74611
2779,41.5777,-70.74611
2780,41.5777,-70.74611
2781,41.5777,-70.74611
2782,41.5777,-70.74611
2783,41.5777,-70.74611
2784,41.5777,-70.74611
2785,41.5777,-70.74611
2786,41.5777,-70.74611
2787,41.5777,-70.74611
2788,41.5777,-70.74611
2789,41.5777,-70.74611
2790,41.5777,-70.74611
2791,41.5777,-70.74611
2792,41.5777,-70.74611
2793,41.5777,-70.74611
2794,41.5777,-70.74611
2795,41.5777,-70.74611
2796,41.5777,-70.74611
2797,41.5777,-70.74611
2798,41.5777,-70.74611
2799,41.5777,-70.74611
2800,41.5777,-70.74611
2801,41.5777,-70.74611
2802,41.5777,-70.74611
2803,41.5777,-70.74611
2804,41.5777,-70.74611
2805,41.5777,-70.74611
2806,41.5777,-70.74611
2807,41.5777,-70.74611
2808,41.5777,-70.74611
2809,41.5777,-70.74611
2810,41.5777,-70.74611
2811,41.5777,-70.74611
2812,41.5777,-70.74611
2813,41.5777,-70.74611
2814,41.5777,-70.74611
2815,41.5777,-70.74611
2816,41.5777,-70.74611
2817,41.5777,-70.74611
2818,41.5777,-70.74611
2819,41.5777,-70.74611
2820,41.5777,-70.74611
2821,41.5777,-70.74611
2822,41.5777,-70.74611
2823,41.5777,-70.74611
2824,41.5777,-70.74611
2825,41.5777,-70.74611
2826,41.5777,-70.74611
2827,41.5777,-70.74611
2828,41.5777,-70.74611
2829,41.5777,-70.74611
2830,41.5777,-70.74611
2831,41.5777,-70.74611
2832,41.5777,-70.74611
2833,41.5777,-70.74611
2834,41.5777,-70.74611
2835,41.5777,-70.74611
2836,41.5777,-70.74611
2837,41.5777,-70.74611
2838,41.5777,-70.74611
2839,41.5777,-70.74611
2840,41.5777,-70.74611
2841,41.5777,-70.74611
2842,41.5777,-70.74611
2843,41.5777,-70.74611
2844,41.5777,-70.74611
2845,41.5777,-70.74611
2846,41.5777,-70.74611
2847,41.5777,-70.74611
2848,41.5777,-70.74611
2849,41.5777,-70.74611
2850,41.5777,-70.74611
2851,41.5777,-70.74611
2852,41.5777,-70.74611
2853,41.5777,-70.74611
2854,41.5777,-70.74611
2855,41.5777,-70.74611
2856,41.5777,-70.74611
2857,41.5777,-70.74611
2858,41.5777,-70.74611
2859,41.5777,-70.74611
2860,41.5777,-70.74611
2861,41.5777,-70.74611
2862,41.5777,-70.74611
2863,41.5777,-70.74611
2864,41.5777,-70.74611
2865,41.5777,-70.74611
2866,41.5777,-70.74611
2867,41.5777,-70.74611
2868,41.5777,-70.74611
2869,41.5777,-70.74611
2870,41.5777,-70.74611
2871,41.5777,-70.74611
2872,41.5777,-70.74611
2873,41.5777,-70.74611
2874,41.5777,-70.74611
2875,41.5777,-70.74611
2876,41.5777,-70.74611
2877,41.5777,-70.74611
2878,41.5777,-70.74611
2879,41.5777,-70.74611
2880,41.5777,-70.74611
2881,41.5777,-70.74611
2882,41.5777,-70.74611
2883,41.5777,-70.74611
2884,41.5777,-70.74611
2885,41.5777,-70.74611
2886,41.5777,-70.74611
2887,41.5777,-70.74611
2888,41.5777,-70.74611
2889,41.5777,-70.74611
2890,41.5777,-70.74611
2891,41.5777,-70.74611
2892,41.5777,-70.74611
2893,41.5777,-70.74611
2894,41.5777,-70.74611
2895,41.5777,-70.74611
2896,41.5777,-70.74611
2897,41.5777,-70.74611
2898,41.5777,-70.74611
2899,41.5777,-70.74611
2900,41.5777,-70.74611
2901,41.5777,-70.74611
2902,41.5777,-70.74611
2903,41.5777,-70.74611
2904,41.5777,-70.74611
2905,41.5777,-70.74611
2906,41.5777,-70.74611
2907,41.5777,-70.74611
2908,41.5777,-70.74611
2909,41.5777,-70.74611
2910,41.5777,-70.74611
2911,41.5777,-70.74611
2912,41.5777,-70.74611
2913,41.5777,-70.74611
2914,41.5777,-70.74611
2915,41.5777,-70.74611
2916,41.5777,-70.74611
2917,41.5777,-70.74611
2918,41.5777,-70.74611
2919,41.5777,-70.74611
2920,41.5777,-70.74611
2921,41.5777,-70.74611
2922,41.5777,-70.74611
2923,41.5777,-70.74611
2924,41.5777,-70.74611
2925,41.5777,-70.74611
2926,41.5777,-70.74611
2927,41.5777,-70.74611
2928,41.5777,-70.74611
2929,41.5777,-70.74611
2930,41.5777,-70.74611
2931,41.5777,-70.74611
2932,41.5777,-70.74611
2933,41.5777,-70.74611
2934,41.5777,-70.74611
2935,41.5777,-70.74611
2936,41.5777,-70.74611
2937,41.5777,-70.74611
2938,41.5777,-70.74611
2939,41.5777,-70.74611
2940,41.5777,-70.74611
2941,41.5777,-70.74611
2942,41.5777,-70.74611
2943,41.5777,-70.74611
2944,41.5777,-70.74611
2945,41.5777,-70.74611
2946,41.5777,-70.74611
2947,41.5777,-70.74611
2948,41.5777,-70.74611
2949,41.5777,-70.74611
2950,41.5777,-70.74611
2951,41.5777,-70.74611
2952,41.5777,-70.74611
2953,41.5777,-70.74611
2954,41.5777,-70.74611
2955,41.5777,-70.74611
2956,41.5777,-70.74611
2957,41.5777,-70.74611
2958,41.5777,-70.74611
2959,41.5777,-70.74611
2960,41.5777,-70.74611
2961,41.5777,-70.74611
2962,41.5777,-70.74611
2963,41.5777,-70.74611
2964,41.5777,-70.74611
2965,41.5777,-70.74611
2966,41.5777,-70.74611
2967,41.5777,-70.74611
2968,41.5777,-70.74611
2969,41.5777,-70.74611
2970,41.5777,-70.74611
2971,41.5777,-70.74611
2972,41.5777,-70.74611
2973,41.5777,-70.74611
2974,41.5777,-70.74611
2975,41.5777,-70.74611
2976,41.5777,-70.74611
2977,41.5777,-70.74611
2978,41.5777,-70.74611
2979,41.5777,-70.74611
2980,41.5777,-70.74611
2981,41.5777,-70.74611
2982,41.5777,-70.74611
2983,41.5777,-70.74611
2984,41.5777,-70.74611
2985,41.5777,-70.74611
2986,41.5777,-70.74611
2987,41.5777,-70.74611
2988,41.5777,-70.74611
2989,41.5777,-70.74611
2990,41.5777,-70.74611
2991,41.5777,-70.74611
2992,41.5777,-70.74611
2993,41.5777,-70.74611
2994,41.5777,-70.74611
2995,41.5777,-70.74611
2996,41.5777,-70.74611
2997,41.5777,-70.74611
2998,41.5777,-70.74611
2999,41.5777,-70.74611
3000,41.5777,-70.74611
3001,41.5777,-70.74611
3002,41.5777,-70.74611
3003,41.5777,-70.74611
3004,41.5777,-70.74611
3005,41.5777,-70.74611
3006,41.5777,-70.74611
3007,41.5777,-70.74611
3008,41.5777,-70.74611
3009,41.5777,-70.74611
3010,41.5777,-70.74611
3011,41.5777,-70.74611
3012,41.5777,-70.74611
3013,41.5777,-70.74611
3014,41.5777,-70.74611
3015,41.5777,-70.74611
3016,41.5777,-70.74611
3017,41.5777,-70.74611
3018,41.5777,-70.74611
3019,41.5777,-70.74611
3020,41.5777,-70.74611
3021,41.5777,-70.74611
3022,41.5777,-70.74611
3023,41.5777,-70.74611
3024,41.5777,-70.74611
3025,41.5777,-70.74611
3026,41.5777,-70.74611
3027,41.5777,-70.74611
3028,41.5777,-70.74611
3029,41.5777,-70.74611
3030,41.5777,-70.74611
3031,41.5777,-70.74611
3032,41.5777,-70.74611
3033,41.5777,-70.74611
3034,41.5777,-70.74611
3035,41.5777,-70.74611
3036,41.5777,-70.74611
3037,41.5777,-70.74611
3038,41.5777,-70.74611
3039,41.5777,-70.74611
3040,41.5777,-70.74611
3041,41.5777,-70.74611
3042,41.5777,-70.74611
3043,41.5777,-70.74611
3044,41.5777,-70.74611
3045,41.5777,-70.74611
3046,41.5777,-70.74611
3047,41.5777,-70.74611
3048,41.5777,-70.74611
3049,41.5777,-70.74611
3050,41.5777,-70.74611
3051,41.5777,-70.74611
3052,41.5777,-70.74611
3053,41.5777,-70.74611
3054,41.5777,-70.74611
3055,41.5777,-70.74611
3056,41.5777,-70.74611
3057,41.5777,-70.74611
3058,41.5777,-70.74611
3059,41.5777,-70.74611
3060,41.5777,-70.74611
3061,41.5777,-70.74611
3062,41.5777,-70.74611
3063,41.5777,-70.74611
3064,41.5777,-70.74611
3065,41.5777,-70.74611
3066,41.5777,-70.74611
3067,41.5777,-70.74611
3068,41.5777,-70.74611
3069,41.5777,-70.74611
3070,41.5777,-70.74611
3071,41.5777,-70.74611
3072,41.5777,-70.74611
3073,41.5777,-70.74611
3074,41.5777,-70.74611
3075,41.5777,-70.74611
3076,41.5777,-70.74611
3077,41.5777,-70.74611
3078,41.5777,-70.74611
3079,41.5777,-70.74611
3080,41.5777,-70.74611
3081,41.5777,-70.74611
3082,41.5777,-70.74611
3083,41.5777,-70.74611
3084,41.5777,-70.74611
3085,41.5777,-70.74611
3086,41.5777,-70.74611
3087,41.5777,-70.74611
3088,41.5777,-70.74611
3089,41.5777,-70.74611
3090,41.5777,-70.74611
3091,41.5777,-70.74611
3092,41.5777,-70.74611
3093,41.5777,-70.74611
3094,41.5777,-70.74611
3095,41.5777,-70.74611
3096,41.5777,-70.74611
3097,41.5777,-70.74611
3098,41.5777,-70.74611
3099,41.5777,-70.74611
3100,41.5777,-70.74611
3101,41.5777,-70.74611
3102,41.5777,-70.74611
3103,41.5777,-70.74611
3104,41.5777,-70.74611
3105,41.5777,-70.74611
3106,41.5777,-70.74611
3107,41.5777,-70.74611
3108,41.5777,-70.74611
3109,41.5777,-70.74611
3110,41.5777,-70.74611
3111,41.5777,-70.74611
3112,41.5777,-70.74611
3113,41.5777,-70.74611
3114,41.5777,-70.74611
3115,41.5777,-70.74611
3116,41.5777,-70.74611
3117,41.5777,-70.74611
3118,41.5777,-70.74611
3119,41.5777,-70.74611
3120,41.5777,-70.74611
3121,41.5777,-70.74611
3122,41.5777,-70.74611
3123,41.5777,-70.74611
3124,41.5777,-70.74611
3125,41.5777,-70.74611
3126,41.5777,-70.74611
3127,41.5777,-70.74611
3128,41.5777,-70.74611
3129,41.5777,-70.74611
3130,41.5777,-70.74611
3131,41.5777,-70.74611
3132,41.5777,-70.74611
3133,41.5777,-70.74611
3134,41.5777,-70.74611
3135,41.5777,-70.74611
3136,41.5777,-70.74611
3137,41.5777,-70.74611
3138,41.5777,-70.74611
3139,41.5777,-70.74611
3140,41.5777,-70.74611
3141,41.5777,-70.74611
3142,41.5777,-70.74611
3143,41.5777,-70.74611
3144,41.5777,-70.74611
3145,41.5777,-70.74611
3146,41.5777,-70.74611
3147,41.5777,-70.74611
3148,41.5777,-70.74611
3149,41.5777,-70.74611
3150,41.5777,-70.74611
3151,41.5777,-70.74611
3152,41.5777,-70.74611
3153,41.5777,-70.74611
3154,41.5777,-70.74611
3155,41.5777,-70.74611
3156,41.5777,-70.74611
3157,41.5777,-70.74611
3158,41.5777,-70.74611
3159,41.5777,-70.74611
3160,41.5777,-70.74611
3161,41.5777,-70.74611
3162,41.5777,-70.74611
3163,41.5777,-70.74611
3164,41.5777,-70.74611
3165,41.5777,-70.74611
3166,41.5777,-70.74611
3167,41.5777,-70.74611
3168,41.5777,-70.74611
3169,41.5777,-70.74611
3170,41.5777,-70.74611
3171,41.5777,-70.74611
3172,41.5777,-70.74611
3173,41.5777,-70.74611
3174,41.5777,-70.74611
3175,41.5777,-70.74611
3176,41.5777,-70.74611
3177,41.5777,-70.74611
3178,41.5777,-70.74611
3179,41.5777,-70.74611
3180,41.5777,-70.74611
3181,41.5777,-70.74611
3182,41.5777,-70.74611
3183,41.5777,-70.74611
3184,41.5777,-70.74611
3185,41.5777,-70.74611
3186,41.5777,-70.74611
3187,41.5777,-70.74611
3188,41.5777,-70.74611
3189,41.5777,-70.74611
3190,41.5777,-70.74611
3191,41.5777,-70.74611
3192,41.5777,-70.74611
3193,41.5777,-70.74611
3194,41.5777,-70.74611
3195,41.5777,-70.74611
3196,41.5777,-70.74611
3197,41.5777,-70.74611
3198,41.5777,-70.74611
3199,41.5777,-70.74611
3200,41.5777,-70.74611
3201,41.5777,-70.74611
3202,41.5777,-70.74611
3203,41.5777,-70.74611
3204,41.5777,-70.74611
3205,41.5777,-70.74611
3206,41.5777,-70.74611
3207,41.5777,-70.74611
3208,41.5777,-70.74611
3209,41.5777,-70.74611
3210,41.5777,-70.74611
3211,41.5777,-70.74611
3212,41.5777,-70.74611
3213,41.5777,-70.74611
3214,41.5777,-70.74611
3215,41.5777,-70.74611
3216,41.5777,-70.74611
3217,41.5777,-70.74611
3218,41.5777,-70.74611
3219,41.5777,-70.74611
3220,41.5777,-70.74611
3221,41.5777,-70.74611
3222,41.5777,-70.74611
3223,41.5777,-70.74611
3224,41.5777,-70.74611
3225,41.5777,-70.74611
3226,41.5777,-70.74611
3227,41.5777,-70.74611
3228,41.5777,-70.74611
3229,41.5777,-70.74611
3230,41.5777,-70.74611
3231,41.5777,-70.74611
3232,41.5777,-70.74611
3233,41.5777,-70.74611
3234,41.5777,-70.74611
3235,41.5777,-70.74611
3236,41.5777,-70.74611
3237,41.5777,-70.74611
3238,41.5777,-70.74611
3239,41.5777,-70.74611
3240,41.5777,-70.74611
3241,41.5777,-70.74611
3242,41.5777,-70.74611
3243,41.5777,-70.74611
3244,41.5777,-70.74611
3245,41.5777,-70.74611
3246,41.5777,-70.74611
3247,41.5777,-70.74611
3248,41.5777,-70.74611
3249,41.5777,-70.74611
3250,41.5777,-70.74611
3251,41.5777,-70.74611
3252,41.5777,-70.74611
3253,41.5777,-70.74611
3254,41.5777,-70.74611
3255,41.5777,-70.74611
3256,41.5777,-70.74611
3257,41.5777,-70.74611
3258,41.5777,-70.74611
3259,41.5777,-70.74611
3260,41.5777,-70.74611
3261,41.5777,-70.74611
3262,41.5777,-70.74611
3263,41.5777,-70.74611
3264,41.5777,-70.74611
3265,41.5777,-70.74611
3266,41.5777,-70.74611
3267,41.5777,-70.74611
3268,41.5777,-70.74611
3269,41.5777,-70.74611
3270,41.5777,-70.74611
3271,41.5777,-70.74611
3272,41.5777,-70.74611
3273,41.5777,-70.74611
3274,41.5777,-70.74611
3275,41.5777,-70.74611
3276,41.5777,-70.74611
3277,41.5777,-70.74611
3278,41.5777,-70.74611
3279,41.5777,-70.74611
3280,41.5777,-70.74611
3281,41.5777,-70.74611
3282,41.5777,-70.74611
3283,41.5777,-70.74611
3284,41.5777,-70.74611
3285,41.5777,-70.74611
3286,41.5777,-70.74611
3287,41.5777,-70.74611
3288,41.5777,-70.74611
3289,41.5777,-70.74611
3290,41.5777,-70.74611
3291,41.5777,-70.74611
3292,41.5777,-70.74611
3293,41.5777,-70.74611
3294,41.5777,-70.74611
3295,41.5777,-70.74611
3296,41.5777,-70.74611
3297,41.5777,-70.74611
3298,41.5777,-70.74611
3299,41.5777,-70.74611
3300,41.5777,-70.74611
3301,41.5777,-70.74611
3302,41.5777,-70.74611
3303,41.5777,-70.74611
3304,41.5777,-70.74611
3305,41.5777,-70.74611
3306,41.5777,-70.74611
3307,41.5777,-70.74611
3308,41.5777,-70.74611
3309,41.5777,-70.74611
3310,41.5777,-70.74611
3311,41.5777,-70.74611
3312,41.5777,-70.74611
3313,41.5777,-70.74611
3314,41.5777,-70.74611
3315,41.5777,-70.74611
3316,41.5777,-70.74611
3317,41.5777,-70.74611
3318,41.5777,-70.74611
3319,41.5777,-70.74611
3320,41.5777,-70.74611
3321,41.5777,-70.74611
3322,41.5777,-70.74611
3323,41.5777,-70.74611
3324,41.5777,-70.74611
3325,41.5777,-70.74611
3326,41.5777,-70.74611
3327,41.5777,-70.74611
3328,41.5777,-70.74611
3329,41.5777,-70.74611
3330,41.5777,-70.74611
3331,41.5777,-70.74611
3332,41.5777,-70.74611
3333,41.5777,-70.74611
3334,41.5777,-70.74611
3335,41.5777,-70.74611
3336,41.5777,-70.74611
3337,41.5777,-70.74611
3338,41.5777,-70.74611
3339,41.5777,-70.74611
3340,41.5777,-70.74611
3341,41.5777,-70.74611
3342,41.5777,-70.74611
3343,41.5777,-70.74611
3344,41.5777,-70.74611
3345,41.5777,-70.74611
3346,41.5777,-70.74611
3347,41.5777,-70.74611
3348,41.5777,-70.74611
3349,41.5777,-70.74611
3350,41.5777,-70.74611
3351,41.5777,-70.74611
3352,41.5777,-70.74611
3353,41.5777,-70.74611
3354,41.5777,-70.74611
3355,41.5777,-70.74611
3356,41.5777,-70.74611
3357,41.5777,-70.74611
3358,41.5777,-70.74611
3359,41.5777,-70.74611
3360,41.5777,-70.74611
3361,41.5777,-70.74611
3362,41.5777,-70.74611
3363,41.5777,-70.74611
3364,41.5777,-70.74611
3365,41.5777,-70.74611
3366,41.5777,-70.74611
3367,41.5777,-70.74611
3368,41.5777,-70.74611
3369,41.5777,-70.74611
3370,41.5777,-70.74611
3371,41.5777,-70.74611
3372,41.5777,-70.74611
3373,41.5777,-70.74611
3374,41.5777,-70.74611
3375,41.5777,-70.74611
3376,41.5777,-70.74611
3377,41.5777,-70.74611
3378,41.5777,-70.74611
3379,41.5777,-70.74611
3380,41.5777,-70.74611
3381,41.5777,-70.74611
3382,41.5777,-70.74611
3383,41.5777,-70.74611
3384,41.5777,-70.74611
3385,41.5777,-70.74611
3386,41.5777,-70.74611
3387,41.5777,-70.74611
3388,41.5777,-70.74611
3389,41.5777,-70.74611
3390,41.5777,-70.74611
3391,41.5777,-70.74611
3392,41.5777,-70.74611
3393,41.5777,-70.74611
3394,41.5777,-70.74611
3395,41.5777,-70.74611
3396,41.5777,-70.74611
3397,41.5777,-70.74611
3398,41.5777,-70.74611
3399,41.5777,-70.74611
3400,41.5777,-70.74611
3401,41.5777,-70.74611
3402,41.5777,-70.74611
3403,41.5777,-70.74611
3404,41.5777,-70.74611
3405,41.5777,-70.74611
3406,41.5777,-70.74611
3407,41.5777,-70.74611
3408,41.5777,-70.74611
3409,41.5777,-70.74611
3410,41.5777,-70.74611
3411,41.5777,-70.74611
3412,41.5777,-70.74611
3413,41.5777,-70.74611
3414,41.5777,-70.74611
3415,41.5777,-70.74611
3416,41.5777,-70.74611
3417,41.5777,-70.74611
3418,41.5777,-70.74611
3419,41.5777,-70.74611
3420,41.5777,-70.74611
3421,41.5777,-70.74611
3422,41.5777,-70.74611
3423,41.5777,-70.74611
3424,41.5777,-70.74611
3425,41.5777,-70.74611
3426,41.5777,-70.74611
3427,41.5777,-70.74611
3428,41.5777,-70.74611
3429,41.5777,-70.74611
3430,41.5777,-70.74611
3431,41.5777,-70.74611
3432,41.5777,-70.74611
3433,41.5777,-70.74611
3434,41.5777,-70.74611
3435,41.5777,-70.74611
3436,41.5777,-70.74611
3437,41.5777,-70.74611
3438,41.5777,-70.74611
3439,41.5777,-70.74611
3440,41.5777,-70.74611
3441,41.5777,-70.74611
3442,41.5777,-70.74611
3443,41.5777,-70.74611
3444,41.5777,-70.74611
3445,41.5777,-70.74611
3446,41.5777,-70.74611
3447,41.5777,-70.74611
3448,41.5777,-70.74611
3449,41.5777,-70.74611
3450,41.5777,-70.74611
3451,41.5777,-70.74611
3452,41.5777,-70.74611
3453,41.5777,-70.74611
3454,41.5777,-70.74611
3455,41.5777,-70.74611
3456,41.5777,-70.74611
3457,41.5777,-70.74611
3458,41.5777,-70.74611
3459,41.5777,-70.74611
3460,41.5777,-70.74611
3461,41.5777,-70.74611
3462,41.5777,-70.74611
3463,41.5777,-70.74611
3464,41.5777,-70.74611
3465,41.5777,-70.74611
3466,41.5777,-70.74611
3467,41.5777,-70.74611
3468,41.5777,-70.74611
3469,41.5777,-70.74611
3470,41.5777,-70.74611
3471,41.5777,-70.74611
3472,41.5777,-70.74611
3473,41.5777,-70.74611
3474,41.5777,-70.74611
3475,41.5777,-70.74611
3476,41.5777,-70.74611
3477,41.5777,-70.74611
3478,41.5777,-70.74611
3479,41.5777,-70.74611
3480,41.5777,-70.74611
3481,41.5777,-70.74611
3482,41.5777,-70.74611
3483,41.5777,-70.74611
3484,41.5777,-70.74611
3485,41.5777,-70.74611
3486,41.5777,-70.74611
3487,41.5777,-70.74611
3488,41.5777,-70.74611
3489,41.5777,-70.74611
3490,41.5777,-70.74611
3491,41.5777,-70.74611
3492,41.5777,-70.74611
3493,41.5777,-70.74611
3494,41.5777,-70.74611
3495,41.5777,-70.74611
3496,41.5777,-70.74611
3497,41.5777,-70.74611
3498,41.5777,-70.74611
3499,41.5777,-70.74611
3500,41.5777,-70.74611
3501,41.5777,-70.74611
3502,41.5777,-70.74611
3503,41.5777,-70.74611
3504,41.5777,-70.74611
3505,41.5777,-70.74611
3506,41.5777,-70.74611
3507,41.5777,-70.74611
3508,41.5777,-70.74611
3509,41.5777,-70.74611
3510,41.5777,-70.74611
3511,41.5777,-70.74611
3512,41.5777,-70.74611
3513,41.5777,-70.74611
3514,41.5777,-70.74611
3515,41.5777,-70.74611
3516,41.5777,-70.74611
3517,41.5777,-70.74611
3518,41.5777,-70.74611
3519,41.5777,-70.74611
3520,41.5777,-70.74611
3521,41.5777,-70.74611
3522,41.5777,-70.74611
3523,41.5777,-70.74611
3524,41.5777,-70.74611
3525,41.5777,-70.74611
3526,41.5777,-70.74611
3527,41.5777,-70.74611
3528,41.5777,-70.74611
3529,41.5777,-70.74611
3530,41.5777,-70.74611
3531,41.5777,-70.74611
3532,41.5777,-70.74611
3533,41.5777,-70.74611
3534,41.5777,-70.74611
3535,41.5777,-70.74611
3536,41.5777,-70.74611
3537,41.5777,-70.74611
3538,41.5777,-70.74611
3539,41.5777,-70.74611
3540,41.5777,-70.74611
3541,41.5777,-70.74611
3542,41.5777,-70.74611
3543,41.5777,-70.74611
3544,41.5777,-70.74611
3545,41.5777,-70.74611
3546,41.5777,-70.74611
3547,41.5777,-70.74611
3548,41.5777,-70.74611
3549,41.5777,-70.74611
3550,41.5777,-70.74611
3551,41.5777,-70.74611
3552,41.5777,-70.74611
3553,41.5777,-70.74611
3554,41.5777,-70.74611
3555,41.5777,-70.74611
3556,41.5777,-70.74611
3557,41.5777,-70.74611
3558,41.5777,-70.74611
3559,41.5777,-70.74611
3560,41.5777,-70.74611
3561,41.5777,-70.74611
3562,41.5777,-70.74611
3563,41.5777,-70.74611
3564,41.5777,-70.74611
3565,41.5777,-70.74611
3566,41.5777,-70.74611
3567,41.5777,-70.74611
3568,41.5777,-70.74611
3569,41.5777,-70.74611
3570,41.5777,-70.74611
3571,41.5777,-70.74611
3572,41.5777,-70.74611
3573,41.5777,-70.74611
3574,41.5777,-70.74611
3575,41.5777,-70.74611
3576,41.5777,-70.74611
3577,41.5777,-70.74611
3578,41.5777,-70.74611
3579,41.5777,-70.74611
3580,41.5777,-70.74611
3581,41.5777,-70.74611
3582,41.5777,-70.74611
3583,41.5777,-70.74611
3584,41.5777,-70.74611
3585,41.5777,-70.74611
3586,41.5777,-70.74611
3587,41.5777,-70.74611
3588,41.5777,-70.74611
3589,41.5777,-70.74611
3590,41.5777,-70.74611
3591,41.5777,-70.74611
3592,41.5777,-70.74611
3593,41.5777,-70.74611
3594,41.5777,-70.74611
3595,41.5777,-70.74611
3596,41.5777,-70.74611
3597,41.5777,-70.74611
3598,41.5777,-70.74611
3599,41.5777,-70.74611
3600,41.5777,-70.74611
3601,41.5777,-70.74611
3602,41.5777,-70.74611
3603,41.5777,-70.74611
3604,41.5777,-70.74611
3605,41.5777,-70.74611
3606,41.5777,-70.74611
3607,41.5777,-70.74611
3608,41.5777,-70.74611
3609,41.5777,-70.74611
3610,41.5777,-70.74611
3611,41.5777,-70.74611
3612,41.5777,-70.74611
3613,41.5777,-70.74611
3614,41.5777,-70.74611
3615,41.5777,-70.74611
3616,41.5777,-70.74611
3617,41.5777,-70.74611
3618,41.5777,-70.74611
3619,41.5777,-70.74611
3620,41.5777,-70.74611
3621,41.5777,-70.74611
3622,41.5777,-70.74611
3623,41.5777,-70.74611
3624,41.5777,-70.74611
3625,41.5777,-70.74611
3626,41.5777,-70.74611
3627,41.5777,-70.74611
3628,41.5777,-70.74611
3629,41.5777,-70.74611
3630,41.5777,-70.74611
3631,41.5777,-70.74611
3632,41.5777,-70.74611
3633,41.5777,-70.74611
3634,41.5777,-70.74611
3635,41.5777,-70.74611
3636,41.5777,-70.74611
3637,41.5777,-70.74611
3638,41.5777,-70.74611
3639,41.5777,-70.74611
3640,41.5777,-70.74611
3641,41.5777,-70.74611
3642,41.5777,-70.74611
3643,41.5777,-70.74611
3644,41.5777,-70.74611
3645,41.5777,-70.74611
3646,41.5777,-70.74611
3647,41.5777,-70.74611
3648,41.5777,-70.74611
3649,41.5777,-70.74611
3650,41.5777,-70.74611
3651,41.5777,-70.74611
3652,41.5777,-70.74611
3653,41.5777,-70.74611
3654,41.5777,-70.74611
3655,41.5777,-70.74611
3656,41.5777,-70.74611
3657,41.5777,-70.74611
3658,41.5777,-70.74611
3659,41.5777,-70.74611
3660,41.5777,-70.74611
3661,41.5777,-70.74611
3662,41.5777,-70.74611
3663,41.5777,-70.74611
3664,41.5777,-70.74611
3665,41.5777,-70.74611
3666,41.5777,-70.74611
3667,41.5777,-70.74611
3668,41.5777,-70.74611
3669,41.5777,-70.74611
3670,41.5777,-70.74611
3671,41.5777,-70.74611
3672,41.5777,-70.74611
3673,41.5777,-70.74611
3674,41.5777,-70.74611
3675,41.5777,-70.74611
3676,41.5777,-70.74611
3677,41.5777,-70.74611
3678,41.5777,-70.74611
3679,41.5777,-70.74611
3680,41.5777,-70.74611
3681,41.5777,-70.74611
3682,41.5777,-70.74611
3683,41.5777,-70.74611
3684,41.5777,-70.74611
3685,41.5777,-70.74611
3686,41.5777,-70.74611
3687,41.5777,-70.74611
3688,41.5777,-70.74611
3689,41.5777,-70.74611
3690,41.5777,-70.74611
3691,41.5777,-70.74611
3692,41.5777,-70.74611
3693,41.5777,-70.74611
3694,41.5777,-70.74611
3695,41.5777,-70.74611
3696,41.5777,-70.74611
3697,41.5777,-70.74611
3698,41.5777,-70.74611
3699,41.5777,-70.74611
3700,41.5777,-70.74611
3701,41.5777,-70.74611
3702,41.5777,-70.74611
3703,41.5777,-70.74611
3704,41.5777,-70.74611
3705,41.5777,-70.74611
3706,41.5777,-70.74611
3707,41.5777,-70.74611
3708,41.5777,-70.74611
3709,41.5777,-70.74611
3710,41.5777,-70.74611
3711,41.5777,-70.74611
3712,41.5777,-70.74611
3713,41.5777,-70.74611
3714,41.5777,-70.74611
3715,41.5777,-70.74611
3716,41.5777,-70.74611
3717,41.5777,-70.74611
3718,41.5777,-70.74611
3719,41.5777,-70.74611
3720,41.5777,-70.74611
3721,41.5777,-70.74611
3722,41.5777,-70.74611
3723,41.5777,-70.74611
3724,41.5777,-70.74611
3725,41.5777,-70.74611
3726,41.5777,-70.74611
3727,41.5777,-70.74611
3728,41.5777,-70.74611
3729,41.5777,-70.74611
3730,41.5777,-70.74611
3731,41.5777,-70.74611
3732,41.5777,-70.74611
3733,41.5777,-70.74611
3734,41.5777,-70.74611
3735,41.5777,-70.74611
3736,41.5777,-70.74611
3737,41.5777,-70.74611
3738,41.5777,-70.74611
3739,41.5777,-70.74611
3740,41.5777,-70.74611
3741,41.5777,-70.74611
3742,41.5777,-70.74611
3743,41.5777,-70.74611
3744,41.5777,-70.74611
3745,41.5777,-70.74611
3746,41.5777,-70.74611
3747,41.5777,-70.74611
3748,41.5777,-70.74611
3749,41.5777,-70.74611
3750,41.5777,-70.74611
3751,41.5777,-70.74611
3752,41.5777,-70.74611
3753,41.5777,-70.74611
3754,41.5777,-70.74611
3755,41.5777,-70.74611
3756,41.5777,-70.74611
3757,41.5777,-70.74611
3758,41.5777,-70.74611
3759,41.5777,-70.74611
3760,41.5777,-70.74611
3761,41.5777,-70.74611
3762,41.5777,-70.74611
3763,41.5777,-70.74611
3764,41.5777,-70.74611
3765,41.5777,-70.74611
3766,41.5777,-70.74611
3767,41.5777,-70.74611
3768,41.5777,-70.74611
3769,41.5777,-70.74611
3770,41.5777,-70.74611
3771,41.5777,-70.74611
3772,41.5777,-70.74611
3773,41.5777,-70.74611
3774,41.5777,-70.74611
3775,41.5777,-70.74611
3776,41.5777,-70.74611
3777,41.5777,-70.74611
3778,41.5777,-70.74611
3779,41.5777,-70.74611
3780,41.5777,-70.74611
3781,41.5777,-70.74611
3782,41.5777,-70.74611
3783,41.5777,-70.74611
3784,41.5777,-70.74611
3785,41.5777,-70.74611
3786,41.5777,-70.74611
3787,41.5777,-70.74611
3788,41.5777,-70.74611
3789,41.5777,-70.74611
3790,41.5777,-70.74611
3791,41.5777,-70.74611
3792,41.5777,-70.74611
3793,41.5777,-70.74611
3794,41.5777,-70.74611
3795,41.5777,-70.74611
3796,41.5777,-70.74611
3797,41.5777,-70.74611
3798,41.5777,-70.74611
3799,41.5777,-70.74611
3800,41.5777,-70.74611
3801,41.5777,-70.74611
3802,41.5777,-70.74611
3803,41.5777,-70.74611
3804,41.5777,-70.74611
3805,41.5777,-70.74611
3806,41.5777,-70.74611
3807,41.5777,-70.74611
3808,41.5777,-70.74611
3809,41.5777,-70.74611
3810,41.5777,-70.74611
3811,41.5777,-70.74611
3812,41.5777,-70.74611
3813,41.5777,-70.74611
3814,41.5777,-70.74611
3815,41.5777,-70.74611
3816,41.5777,-70.74611
3817,41.5777,-70.74611
3818,41.5777,-70.74611
3819,41.5777,-70.74611
3820,41.5777,-70.74611
3821,41.5777,-70.74611
3822,41.5777,-70.74611
3823,41.5777,-70.74611
3824,41.5777,-70.74611
3825,41.5777,-70.74611
3826,41.5777,-70.74611
3827,41.5777,-70.74611
3828,41.5777,-70.74611
3829,41.5777,-70.74611
3830,41.5777,-70.74611
3831,41.5777,-70.74611
3832,41.5777,-70.74611
3833,41.5777,-70.74611
3834,41.5777,-70.74611
3835,41.5777,-70.74611
3836,41.5777,-70.74611
3837,41.5777,-70.74611
3838,41.5777,-70.74611
3839,41.5777,-70.74611
3840,41.5777,-70.74611
3841,41.5777,-70.74611
3842,41.5777,-70.74611
3843,41.5777,-70.74611
3844,41.5777,-70.74611
3845,41.5777,-70.74611
3846,41.5777,-70.74611
3847,41.5777,-70.74611
3848,41.5777,-70.74611
3849,41.5777,-70.74611
3850,41.5777,-70.74611
3851,41.5777,-70.74611
3852,41.5777,-70.74611
3853,41.5777,-70.74611
3854,41.5777,-70.74611
3855,41.5777,-70.74611
3856,41.5777,-70.74611
3857,41.5777,-70.74611
3858,41.5777,-70.74611
3859,41.5777,-70.74611
3860,41.5777,-70.74611
3861,41.5777,-70.74611
3862,41.5777,-70.74611
3863,41.5777,-70.74611
3864,41.5777,-70.74611
3865,41.5777,-70.74611
3866,41.5777,-70.74611
3867,41.5777,-70.74611
3868,41.5777,-70.74611
3869,41.5777,-70.74611
3870,41.5777,-70.74611
3871,41.5777,-70.74611
3872,41.5777,-70.74611
3873,41.5777,-70.74611
3874,41.5777,-70.74611
3875,41.5777,-70.74611
3876,41.5777,-70.74611
3877,41.5777,-70.74611
3878,41.5777,-70.74611
3879,41.5777,-70.74611
3880,41.5777,-70.74611
3881,41.5777,-70.74611
3882,41.5777,-70.74611
3883,41.5777,-70.74611
3884,41.5777,-70.74611
3885,41.5777,-70.74611
3886,41.5777,-70.74611
3887,41.5777,-70.74611
3888,41.5777,-70.74611
3889,41.5777,-70.74611
3890,41.5777,-70.74611
3891,41.5777,-70.74611
3892,41.5777,-70.74611
3893,41.5777,-70.74611
3894,41.5777,-70.74611
3895,41.5777,-70.74611
3896,41.5777,-70.74611
3897,41.5777,-70.74611
3898,41.5777,-70.74611
3899,41.5777,-70.74611
3900,41.5777,-70.74611
3901,41.5777,-70.74611
3902,41.5777,-70.74611
3903,41.5777,-70.74611
3904,41.5777,-70.74611
3905,41.5777,-70.74611
3906,41.5777,-70.74611
3907,41.5777,-70.74611
3908,41.5777,-70.74611
3909,41.5777,-70.74611
3910,41.5777,-70.74611
3911,41.5777,-70.74611
3912,41.5777,-70.74611
3913,41.5777,-70.74611
3914,41.5777,-70.74611
3915,41.5777,-70.74611
3916,41.5777,-70.74611
3917,41.5777,-70.74611
3918,41.5777,-70.74611
3919,41.5777,-70.74611
3920,41.5777,-70.74611
3921,41.5777,-70.74611
3922,41.5777,-70.74611
3923,41.5777,-70.74611
3924,41.5777,-70.74611
3925,41.5777,-70.74611
3926,41.5777,-70.74611
3927,41.5777,-70.74611
3928,41.5777,-70.74611
3929,41.5777,-70.74611
3930,41.5777,-70.74611
3931,41.5777,-70.74611
3932,41.5777,-70.74611
3933,41.5777,-70.74611
3934,41.5777,-70.74611
3935,41.5777,-70.74611
3936,41.5777,-70.74611
3937,41.5777,-70.74611
3938,41.5777,-70.74611
3939,41.5777,-70.74611
3940,41.5777,-70.74611
3941,41.5777,-70.74611
3942,41.5777,-70.74611
3943,41.5777,-70.74611
3944,41.5777,-70.74611
3945,41.5777,-70.74611
3946,41.5777,-70.74611
3947,41.5777,-70.74611
3948,41.5777,-70.74611
3949,41.5777,-70.74611
3950,41.5777,-70.74611
3951,41.5777,-70.74611
3952,41.5777,-70.74611
3953,41.5777,-70.74611
3954,41.5777,-70.74611
3955,41.5777,-70.74611
3956,41.5777,-70.74611
3957,41.5777,-70.74611
3958,41.5777,-70.74611
3959,41.5777,-70.74611
